compound_id,smiles,predicted_activity_score,predicted_class,true_label,model_version
CID-3037,C1=CC(=C(C=C1Cl)CC2=C(C=CC(=C2)Cl)O)O,0.7,Active,active,rf_v1
CID-4418,COC1=CC=CC=C1N2CCN(CC2)CC(COC3=CC=CC4=CC=CC=C43)O,0.67,Active,active,rf_v1
CID-5717,CC1=CC=CC=C1S(=O)(=O)NC(=O)C2=CC(=C(C=C2)CC3=CN(C4=C3C=C(C=C4)NC(=O)OC5CCCC5)C)OC,0.79,Active,active,rf_v1
CID-73157,CCCCCC1=C(C(=CC2=C1OC3=CC(=CC(=C3C(=O)O2)C(=O)CCCC)OC)O)C(=O)O,0.78,Active,active,rf_v1
CID-87247,CCCC(=O)OC1=CC2=C(C=C1)C(=CC(=O)O2)C,0.75,Active,active,rf_v1
CID-211186,COC1=C(C=C(C=C1Cl)C(=O)NN)Cl,0.74,Active,active,rf_v1
CID-215090,CC1=NC2=CC=CC3=C2C(=CC=C3)N1C,0.63,Active,active,rf_v1
CID-460749,CN1C2=NC(=O)N(C(=O)C2=NC(=N1)C3=CC=C(C=C3)Cl)C,0.76,Active,active,rf_v1
CID-597363,CC(=O)NC1=C(C2=NON=C2C(=C1)OC(=O)C)OC(=O)C,0.73,Active,active,rf_v1
CID-601670,C1=CC2=C(C=C1C(=O)O)SC=N2,0.21,Inactive,active,rf_v1
CID-615593,CC1=C(SC(=C1C(=O)C2=CC=CC=C2)NC(=O)CCl)C,0.79,Active,active,rf_v1
CID-638860,CCOC(=O)C1=C(SC(=C1)C2=CC=CC=C2)N,0.78,Active,active,rf_v1
CID-644611,CC1=CC=C(O1)C(C(=O)NCC2=CC=CO2)N(C3=CC=C(C=C3)OC)C(=O)CN4C5=CC=CC=C5N=N4,0.97,Active,active,rf_v1
CID-644661,CC1=CC=C(C=C1)S(=O)(=O)N2CCN(CC2)S(=O)(=O)C3=CC4=C(C=C3)OCCO4,0.62,Active,active,rf_v1
CID-645365,CC1=CC2=C(C=C1)NC(=O)C(=C2)CN(CCC3=CC=CC=C3)CC4=NN=NN4CC5CCCO5,0.73,Active,active,rf_v1
CID-645492,CC1=CC=C(C=C1)CN(C(C2=CC=CS2)C(=O)NCC3=CC=CO3)C(=O)CN4C5=CC=CC=C5N=N4,0.97,Active,active,rf_v1
CID-647501,CCN1C2=NC(=O)N(C(=O)C2=NC(=N1)C3=CC=CC=C3)C,0.83,Active,active,rf_v1
CID-648374,C1=CC=C(C(=C1)C2=NN(N=N2)CC(=O)NCC3=CC=CO3)NC(=O)C4=CC=CC=C4F,0.75,Active,active,rf_v1
CID-648736,CC1=CC=C(O1)C(C(=O)NCC2=CC=CO2)N(C3=CC=CC=C3OC)C(=O)CN4C5=CC=CC=C5N=N4,0.96,Active,active,rf_v1
CID-649398,COCCNC(=O)C(C1=CC(=CC=C1)OC)N(CC2=CC=CS2)C(=O)CN3C4=CC=CC=C4N=N3,0.98,Active,active,rf_v1
CID-649868,C1CC2=C(C1)C=C(C=C2)N(C(C3=CC=CO3)C(=O)NCC4=CC=CO4)C(=O)CN5C6=CC=CC=C6N=N5,0.92,Active,active,rf_v1
CID-649992,C1COCCN1C(=O)OC2=CC3=C(C=CC=C3OC(=O)N4CCOCC4)C=C2,0.56,Active,active,rf_v1
CID-651293,CC(C)NC(=O)CN1CCN(CC1)C2=NC=CC=N2.C(=O)(C(=O)O)O,0.62,Active,active,rf_v1
CID-651774,COCCNC(=O)C(C1=CC=CC=C1)N(CC2=CC=CS2)C(=O)CN3C4=CC=CC=C4N=N3,0.99,Active,active,rf_v1
CID-652480,CC1=CC=C(C=C1)C(=O)CSC2=NN=C(N2CC3=CC=CO3)CNC4=C(C=C(C=C4)C)C,0.66,Active,active,rf_v1
CID-654498,C1=CC=C(C=C1)CN(C(C2=CC=CS2)C(=O)NCC3=CC=CO3)C(=O)CN4C5=CC=CC=C5N=N4,0.96,Active,active,rf_v1
CID-655942,C1=CC=C(C=C1)CCN(C(C2=CC=CO2)C(=O)NCC3=CC=CO3)C(=O)CN4C5=CC=CC=C5N=N4,0.94,Active,active,rf_v1
CID-657485,CC(C)(C)OC(=O)NCCC(=O)OC1=CC2=C(C=C1)C=CC(=O)O2,0.78,Active,active,rf_v1
CID-659929,C1CN(CC2=C1NC3=C2C=C(C=C3)Br)C(=O)CN4CCSCC4,0.68,Active,active,rf_v1
CID-660907,CC1=CC(=CC=C1)N2C(C(C(=C2N)C#N)(C#N)C#N)C3=CC=CC=C3,0.73,Active,active,rf_v1
CID-661510,CCC1=C(C(=CC=C1)CC)N(COC)C(=O)CN2C3=CC=CC=C3N=N2,0.89,Active,active,rf_v1
CID-664943,CC1=C(C(=NN1)C2=C(C=C(C=C2)OCC(=C)C)O)C3=CC=CC=C3,0.31,Inactive,active,rf_v1
CID-665102,CCN1C(=NN=C1SCC(=O)C(C)(C)C)COC2=CC=CC=C2,0.68,Active,active,rf_v1
CID-666722,C1=CC=C(C(=C1)C2C3=C(C(=O)N2CC4=CC=CO4)NN=C3C5=CC=CC=C5O)F,0.63,Active,active,rf_v1
CID-675749,CC1=C(C=C(C=C1)C(=O)N2C(=CC(=N2)C)C)Br,0.7,Active,active,rf_v1
CID-676085,C1=CC=C(C(=C1)C=CC(=O)NC2=CN=CC=C2)Cl,0.92,Active,active,rf_v1
CID-677475,C1=CC=C2C(=C1)N=NN2CC(=O)C3=CC=C(C=C3)Cl,0.92,Active,active,rf_v1
CID-705256,COC(=O)C1=C(SC(=C1)C2=CC=CC=C2)N,0.78,Active,active,rf_v1
CID-708625,COC1=CC=CC=C1C(=O)NC2=NC3=CC=CC=C3S2,0.8,Active,active,rf_v1
CID-710241,CC1=CC=C(O1)C=C2C(=O)NC(=S)N(C2=O)C3=CC(=CC=C3)OC,0.23,Inactive,active,rf_v1
CID-722579,C1CCN(CC1)C(=S)C2=CC=C(O2)C3=CC=CC=C3Cl,0.62,Active,active,rf_v1
CID-728514,COC(=O)C1=CC=C(C=C1)OC(=O)CN2C(=O)C3=CC=CC=C3C2=O,0.7,Active,active,rf_v1
CID-728528,CC1=CC(=O)OC2=C1C=CC(=C2)OC(=O)C3=CC=CO3,0.9,Active,active,rf_v1
CID-736374,C1=CC=C(C=C1)N2N=C3C=C(C(=CC3=N2)Cl)N,0.14,Inactive,active,rf_v1
CID-738894,C1CC2=C(C1)SC(=C2C#N)NC(=S)NC(=O)C3=CC=CC=C3,0.66,Active,active,rf_v1
CID-740914,C1=CC=C2C(=C1)C(=O)N(C2=O)CC(=O)OC3=CC=C(C=C3)F,0.77,Active,active,rf_v1
CID-741948,CC1=C(C=C(C=C1)C(=O)N2C=NC3=CC=CC=C32)C,0.73,Active,active,rf_v1
CID-761840,C1=CC=C2C(=C1)N=NN2CC(=O)C3=CC=C(C=C3)Br,0.88,Active,active,rf_v1
CID-765284,COC1=CC=C(C=C1)NC=C2CCC3=CC=CC=C3C2=O,0.59,Active,active,rf_v1
CID-778154,CC1=CC(=CC=C1)C(=O)NC2=NN=C(S2)CC3=CNC4=CC=CC=C43,0.37,Inactive,active,rf_v1
CID-799395,C1=CC(=CN=C1)CNC(=O)C=CC2=CC(=C(C=C2)Cl)[N+](=O)[O-],0.75,Active,active,rf_v1
CID-805223,CC(=O)C1=C(C2=CC=CC=C2N1C)OC(=O)C3=CC=CO3,0.81,Active,active,rf_v1
CID-807412,CCC1=CC(=O)OC2=C1C=CC(=C2)OC(=O)C3=CC=CO3,0.88,Active,active,rf_v1
CID-826461,C1=CC=C(C=C1)CN2C=C(C3=CC=CC=C32)C=C[N+](=O)[O-],0.71,Active,active,rf_v1
CID-843322,CC1=CC=C(C=C1)C(=O)NC(=C(Cl)Cl)C#N,0.67,Active,active,rf_v1
CID-859620,CC1=CC(=C(S1)NC(=O)CCl)C(=O)C2=CC=CC=C2,0.86,Active,active,rf_v1
CID-859639,CCC1=CC(=C(S1)NC(=O)CCl)C(=O)C2=CC=C(C=C2)C,0.79,Active,active,rf_v1
CID-880528,CC(=O)C1=C(NC(=C1)C2=CC=CC=C2)N3CCCC3,0.77,Active,active,rf_v1
CID-887990,C1=CC(=C(C(=C1)Cl)C=CC(=O)NC2=CN=CC=C2)F,0.84,Active,active,rf_v1
CID-893627,CCCN1N=C(N=N1)NC(=O)COC2=CC=C(C=C2)C3CCCCC3,0.66,Active,active,rf_v1
CID-900806,CCOC1=C(C(=CC(=C1)C(=O)N)Br)OC,0.56,Active,active,rf_v1
CID-906542,CN1C2=NC(=O)N(C(=O)C2=NC(=N1)C3=CC=CC=N3)C,0.81,Active,active,rf_v1
CID-930290,C1=CSC(=C1)C2=CSC(=N2)NC(=O)C3=CC=C(C=C3)Cl,0.7,Active,active,rf_v1
CID-930620,C1CC(=O)N(C1=O)C2=C(C=CC(=C2)Cl)OC(=O)C3=CC=CO3,0.78,Active,active,rf_v1
CID-948801,CN1C=NC2=C1C=CC(=C2)NC(=O)C3=CC=C(C=C3)Cl,0.31,Inactive,active,rf_v1
CID-951610,CSC1=CC=CC(=C1)NC(=O)CC2=CC=CC=C2[N+](=O)[O-],0.72,Active,active,rf_v1
CID-970829,COC(=O)C1=C(C=CC(=C1)NC(=O)CC2=CC=CC=C2[N+](=O)[O-])Cl,0.83,Active,active,rf_v1
CID-972394,CN1CCN(CC1)CC(=O)NC2=CC(=CC=C2)[N+](=O)[O-],0.65,Active,active,rf_v1
CID-986562,CC1=C(ON=C1C)NS(=O)(=O)C2=CC=C(C=C2)NC(=O)C3=C(C4=C(O3)C=CC(=C4)Cl)C,0.86,Active,active,rf_v1
CID-1007780,CC(C)CNS(=O)(=O)C1=CC=C(C=C1)CCC(=O)NC2=C(C=CC(=C2)Cl)OC3=CC=CC=C3,0.72,Active,active,rf_v1
CID-1008368,COC1=CC=C(C=C1)C(=O)N2C3=CC4=C(C=C3N=C2SC)OCCO4,0.7,Active,active,rf_v1
CID-1009382,CC(C)(C)C1=CC=C(C=C1)C(=O)NC2=CC=C(C=C2)S(=O)(=O)NC3=NC4=CC=CC=C4N=C3,0.71,Active,active,rf_v1
CID-1010988,CC1=CC=C(C=C1)S(=O)(=O)NC2=CC=CC=C2C3=CC=CC=C3NS(=O)(=O)C4=CC=C(C=C4)C,0.58,Active,active,rf_v1
CID-1069254,C1CCC(CC1)C2=CC=C(C=C2)S(=O)(=O)NC3=CC=CC(=C3)C(=O)O,0.71,Active,active,rf_v1
CID-1083882,COC1=CC=C(C=C1)N(C(=O)CN2C3=CC=CC=C3N=N2)C4(CCCCC4)C(=O)NC5CCCC5,0.92,Active,active,rf_v1
CID-1092464,C1=CC=C(C(=C1)NC2=NC(=CS2)C3=CN=CC=C3)Cl,0.82,Active,active,rf_v1
CID-1105927,CC1=C(C=C(C=C1)C(=O)NCCN2CCOCC2)C,0.61,Active,active,rf_v1
CID-1117371,C1=COC(=C1)C(=O)N(CC2=CC=C(C=C2)[N+](=O)[O-])C3=CC=C(C=C3)Br,0.78,Active,active,rf_v1
CID-1120962,COC1=CC=C(C=C1)C(=O)OC2=CN=CC=C2,0.79,Active,active,rf_v1
CID-1121490,C1=CSC(=C1)C(=O)OC2=CC3=C(C=C2)C=CC(=O)O3,0.82,Active,active,rf_v1
CID-1154427,COC1=CC=C(C=C1)N(CC2=CC(=O)NC3=CC=CC=C32)C(=O)CCl,0.82,Active,active,rf_v1
CID-1160939,CC1=NN=C(S1)SC(=O)N2C3=CC=CC=C3SC4=CC=CC=C42,0.24,Inactive,active,rf_v1
CID-1177253,C1=CC=C(C=C1)C2=CSC(=C2C(=O)O)NC(=O)C=CC3=CC=CS3,0.73,Active,active,rf_v1
CID-1188014,CC1=C(ON=C1C)NS(=O)(=O)C2=CC=C(C=C2)NC(=O)NC3=CC(=C(C=C3)Cl)Cl,0.65,Active,active,rf_v1
CID-1189783,CCOC(=O)C1=C(OC2=C1C3=C(C4=CC=CC=C42)OCN(C3)CC5=CC=CC=N5)C,0.75,Active,active,rf_v1
CID-1214257,CC(=O)N(C)C1=CC=C(C=C1)NS(=O)(=O)C2=C(C=CC(=C2)Cl)Cl,0.77,Active,active,rf_v1
CID-1224165,CC1=C(C2=C(N1C3=CC=CC=C3OC)C4=CC=CC=C4C(=C2)OC)C(=O)O,0.73,Active,active,rf_v1
CID-1249482,CN(C)C1=NC(=NC(=N1)N)C2=NC3=CC=CC=C3S2,0.63,Active,active,rf_v1
CID-1250233,CC1=C(C=C(C=C1)N2C(=NN=N2)SCC(=O)NC(C3=CC=CC=C3)(C4=CC=CC=C4)C(=O)O)C,0.69,Active,active,rf_v1
CID-1295575,COC(=O)C1=CC=C(C=C1)NC(=O)C2=CC=C(C=C2)NC(=O)C3=CC=CO3,0.69,Active,active,rf_v1
CID-1295693,CS(=O)(=O)N(CC1=CC=C(C=C1)C(=O)NC2=CC=CC=C2SC3=CC=CC=C3)C4=CC=CC=C4,0.78,Active,active,rf_v1
CID-1295791,COC1=CC=CC=C1N(CC(=O)NC2=CC(=C(C=C2)Cl)C(=O)OC)S(=O)(=O)C3=CC=CC=C3,0.76,Active,active,rf_v1
CID-1299520,CC1(CC2=C(CO1)SC3=C2C(=O)N(C(=N3)C4=CC5=CC=CC=C5O4)N)C,0.74,Active,active,rf_v1
CID-1304219,CC1=C(C=C(C=C1)C(=O)O)NC(=S)NC(=O)C2=CC=C(C=C2)COC3=CC=CC=C3,0.72,Active,active,rf_v1
CID-1312344,CCC1=NN=C(S1)NS(=O)(=O)C2=CC=C(C=C2)NC(=O)C=CC3=CC=CC=C3Cl,0.92,Active,active,rf_v1
CID-1327906,C1=CC=C(C=C1)C(C2=CC=CC=C2)C(=O)NC(=S)NC3=CC=CC(=C3)C(=O)O,0.82,Active,active,rf_v1
CID-1341336,C1=CC=C(C(=C1)C(=O)NC(=S)NC2=CC=C(C=C2)NC(=O)C3=CC(=CC=C3)Cl)Cl,0.77,Active,active,rf_v1
CID-1420934,CC(C)C12CN(CC(C1=O)(CN(C2)C(=O)C3=CC=CC=C3[N+](=O)[O-])C(C)C)C(=O)C4=CC=CC=C4[N+](=O)[O-],0.74,Active,active,rf_v1
CID-1475477,CC(C)OC1=C(C=C(C(=C1)NC(=O)CSCC(=O)NC2=CC=CC(=C2)C(F)(F)F)Cl)Cl,0.85,Active,active,rf_v1
CID-1537038,CC1=CC(=C(N1CC2=CC=CO2)C)C(=O)CCl,0.81,Active,active,rf_v1
CID-1632360,CC1=CC(=C(C=C1)NC(=O)CCC(=O)NNC(=O)C(C2=CC=CC=C2)C3=CC=CC=C3)C,0.31,Inactive,active,rf_v1
CID-1768585,CC1=C(C=CC2=C1OC(=O)C3=CC=CC=C23)OCC(=O)NC(CC4=CNC5=CC=CC=C54)C(=O)O,0.79,Active,active,rf_v1
CID-1831132,C1=CC=C(C(=C1)C(=O)NN2C(=O)C(=CC3=CC=C(C=C3)O)SC2=S)O,0.32,Inactive,active,rf_v1
CID-1864299,CCOC(=O)C1=C(C2=C(O1)N=C(C3=C2CCCC3)CC(C)C)N,0.66,Active,active,rf_v1
CID-1891999,C1=CC(=CC=C1NS(=O)(=O)C2=CC=C(C=C2)Br)S(=O)(=O)NC3=NC=CS3,0.91,Active,active,rf_v1
CID-1907744,C1=CC=C(C=C1)CNC(=S)NNC(=S)NC2=CC=CC(=C2)C(F)(F)F,0.38,Inactive,active,rf_v1
CID-1936560,COC1=NC(=NC(=C1)NS(=O)(=O)C2=CC=C(C=C2)NC(=S)NC(=O)C3=CC=C(C=C3)F)OC,0.83,Active,active,rf_v1
CID-1949127,CC(C)OP(=O)(C1(C=C(C(=O)C(=C1)Cl)Cl)NS(=O)(=O)C2=CC=C(C=C2)Cl)OC(C)C,0.51,Active,active,rf_v1
CID-1975036,CCCCOC1=C(C=C(C=C1)CONS(=O)(=O)C2=CC=C(C=C2)NC(=O)C)Cl,0.72,Active,active,rf_v1
CID-2017227,CC(=O)N1C=C(C2=CC=CC=C21)N(C3=CC=C(C=C3)Cl)C(=O)CCl,0.9,Active,active,rf_v1
CID-2057118,C1=CC=C(C=C1)C=CCN2C3=CC=CC=C3C(=O)C2=O,0.71,Active,active,rf_v1
CID-2057165,CC(C)CN(CCC(=O)O)CC(C)C,0.69,Active,active,rf_v1
CID-2064069,C1=CC=C(C=C1)C(=O)C2=CC=CC=C2NC(=O)CCl,0.52,Active,active,rf_v1
CID-2078229,C1CN(CCN1C2=CC=CC=C2)C(=O)C3=CC(=O)C4=CC=CC=C4O3,0.65,Active,active,rf_v1
CID-2078638,COCCOC(=O)C(=CC1=CN(N=C1C2=CN=CC=C2)CC3=CC=CC=C3)C#N,0.75,Active,active,rf_v1
CID-2083279,C1=CC=C(C=C1)CNC(=O)C2=CC=C(C=C2)S(=O)(=O)NC3=CC=CC(=C3)C(F)(F)F,0.87,Active,active,rf_v1
CID-2083510,C1CN(CCN1C2=CC=CC=C2)C(=O)C3=CC(=O)NC4=CC=CC=C43,0.9,Active,active,rf_v1
CID-2097351,COC1=CC(=C(C=C1)C(=O)NN2C=NC3=C(C2=O)C(=CS3)C4=CC=CS4)O,0.76,Active,active,rf_v1
CID-2102546,COC1=CC=C(C=C1)N2CCN(CC2)C(=O)C3=CC(=O)NC4=CC=CC=C43,0.92,Active,active,rf_v1
CID-2104090,CC1=CC=C(C=C1)C2=NN(C=C2NC(=O)CCl)C3=CC=CC=C3,0.77,Active,active,rf_v1
CID-2106192,C1=CC=C(C=C1)C(C2=CC=CC=C2)NC(=O)COC(=O)CCC3=CNC4=CC=CC=C43,0.71,Active,active,rf_v1
CID-2108058,COC1=CC=C(C=C1)NS(=O)(=O)C2=CC3=C(C=C2)OC(=N3)NC4=CC5=C(C=C4)OCCO5,0.8,Active,active,rf_v1
CID-2121076,C1COCCN1S(=O)(=O)C2=CC=C(S2)CC(=O)NC3=C(C=C(S3)C4=CC=CC=C4)C(=O)N,0.75,Active,active,rf_v1
CID-2134372,CC1=CC=C(C=C1)S(=O)(=O)C(=CCl)NC(=O)C2=CC=CC=C2,0.77,Active,active,rf_v1
CID-2145491,CC1=C2C(=CC=C1)C(=O)C(=O)N2CCOC3=CC=CC=C3,0.75,Active,active,rf_v1
CID-2147111,C1CN(CCN1C2=CC=CC=C2)C(=S)NC3=CC(=CC=C3)S(=O)(=O)C(F)F,0.72,Active,active,rf_v1
CID-2149567,COC(=O)COC1=CC=CC2=C1C=CN(C2=O)CC(=O)NCC3=CC=CC=C3,0.52,Active,active,rf_v1
CID-2193552,CC1=C(C=C(C=C1)OCC(=O)NC2=C(C=C(C=C2)C(=O)O)NC(=O)COC3=CC(=C(C=C3)C)C)C,0.76,Active,active,rf_v1
CID-2229132,C1CCN(CC1)S(=O)(=O)C2=CC=C(C=C2)OCC(=O)NC3=CC=CC=C3F,0.64,Active,active,rf_v1
CID-2282752,C1=CC=C(C=C1)CCCN2C3=CC=CC=C3C(=O)C2=O,0.5,Active,active,rf_v1
CID-2294766,C1=CC=C(C(=C1)C(=O)NC2=CC(=C(C=C2)OCC(C(F)F)(F)F)C(F)(F)F)O,0.84,Active,active,rf_v1
CID-2301119,C1=CC=C(C=C1)C2=NOC(=O)C2=CC3=CC=C(O3)C4=CC=CC=C4[N+](=O)[O-],0.72,Active,active,rf_v1
CID-2310813,CN1C=NC2=C1C=CC(=C2)OC(=O)C3=CC=CC=C3,0.81,Active,active,rf_v1
CID-2320755,CCOC(=O)C1=C(SC(=C1C2=CC=CC=C2)C(C(F)(F)F)(C(F)(F)F)O)N,0.82,Active,active,rf_v1
CID-2323124,COC1=CC(=C(C=C1)C2=NNC(=C2C3=CC4=CC=CC=C4O3)C(F)(F)F)O,0.78,Active,active,rf_v1
CID-2333509,C1=CC=C(C=C1)C2=CC=C(C=C2)C(=CC3=CC=C(C=C3)F)C(=O)O,0.68,Active,active,rf_v1
CID-2348921,C1CN(CCN1C2=CC(=CC=C2)Cl)C(=O)C3=C(N=C4N3C=CS4)Cl,0.66,Active,active,rf_v1
CID-2352096,C1=CC=C2C(=C1)N(C3=CC=CC=C3S2)C(=O)COC(=O)C4=CN=CC=C4,0.76,Active,active,rf_v1
CID-2356903,C1=CC=C(C=C1)N2C=C(C(=N2)C3=CC=C(C=C3)Cl)C(=O)NC4=CC=C(C=C4)C(=O)O,0.76,Active,active,rf_v1
CID-2384236,C1=CC=C(C=C1)CCN(CCC2=CC=CC=C2)C(=O)CCl,0.84,Active,active,rf_v1
CID-2385601,CC1=C(C(=CC=C1)NC2=NN=C(S2)SCC(=O)NC3=C(C=C(C=N3)C(F)(F)F)Cl)C,0.86,Active,active,rf_v1
CID-2396278,C1=CC=C(C=C1)CN(CC2=CC=C(C=C2)C(=O)O)S(=O)(=O)C3=CC=C(C=C3)Cl,0.69,Active,active,rf_v1
CID-2406331,C1CN(CCN1C(=O)C2=CC(=CN=C2)Br)S(=O)(=O)C3=CC=CC=C3C(F)(F)F,0.73,Active,active,rf_v1
CID-2410199,COC(=O)C(CC1=CNC2=CC=CC=C21)NC(=O)C3=CC(=O)NC4=CC=CC=C43,0.83,Active,active,rf_v1
CID-2412504,C1=CC(=C(C=C1Cl)Cl)CN2C=CSC2=NC(=O)CCl,0.87,Active,active,rf_v1
CID-2416356,C1=CC=C(C(=C1)CN2C=CSC2=NC(=O)CCl)Cl,0.85,Active,active,rf_v1
CID-2417657,CC1=CC(=C(C(=C1C)S(=O)(=O)N2CCN(CC2)C(=O)C3=CC(=O)NC4=CC=CC=C43)C)C,0.88,Active,active,rf_v1
CID-2420336,C1CN(CCN1CC2=CC=CC=C2)C(=O)CNC(=O)C3=CC=C(C=C3)Br,0.65,Active,active,rf_v1
CID-2440506,COC1=CC=C(C=C1)C=C(C#N)C2=CNC3=CC=CC=C32,0.67,Active,active,rf_v1
CID-2443805,CC1=C(C(=CC=C1)N2CCN(CC2)C(=O)C3=CC(=O)NC4=CC=CC=C43)C,0.91,Active,active,rf_v1
CID-2449860,C1CN(CCN1C2=CC=CC(=C2)C(F)(F)F)C(=O)C3=CC(=O)NC4=CC=CC=C43,0.94,Active,active,rf_v1
CID-2452051,C1=CC(=CC=C1CSC2=NN=C(S2)NC(=O)C3=CC4=C(C=C3)N=CS4)C#N,0.78,Active,active,rf_v1
CID-2454965,CC1=CC(=CC=C1)CN2CCN(CC2)C(=O)CCl,0.71,Active,active,rf_v1
CID-2458897,C1=CC=C(C=C1)C2=CSC3=C2C(=NC=N3)SCC(=O)NC4=CC=C(C=C4)C(=O)O,0.34,Inactive,active,rf_v1
CID-2472898,CC(C)C1=CC=C(C=C1)S(=O)(=O)NC2=CC=C(C=C2)SC(F)F,0.83,Active,active,rf_v1
CID-2497380,C1=CC=C(C=C1)CN2C=C(C(=N2)C3=CN=CC=C3)C=O,0.81,Active,active,rf_v1
CID-2514618,CC1=CC(=C(C(=C1)Br)NC(=O)CON2C3=C(C=CC(=C3)S(=O)(=O)C)N=N2)Br,0.83,Active,active,rf_v1
CID-2515806,CC1=C(C=CC(=C1)NC(=O)CON2C3=C(C=CC(=C3)S(=O)(=O)C)N=N2)Br,0.85,Active,active,rf_v1
CID-2526861,CC1=CC(=C(N1C2=CC(=CC=C2)[N+](=O)[O-])C)C(=O)CCl,0.85,Active,active,rf_v1
CID-2530053,C1=CC(=CN=C1)NC(=O)CC2=CC(=C(C=C2)Cl)Cl,0.78,Active,active,rf_v1
CID-2558401,COC1=CC=CC=C1OCCNC(=O)C2=CC(=O)NC3=CC=CC=C32,0.8,Active,active,rf_v1
CID-2561190,C1=CC(=CC(=C1)NS(=O)(=O)C2=CC=C(C=C2)C(=O)NCC3=CC=C(C=C3)F)C(F)(F)F,0.88,Active,active,rf_v1
CID-2734449,C1=CC=C2C(=C1)C(C3=CC=CC=C32)COC(=O)NC(CC4=CC=C(C=C4)Br)C(=O)O,0.82,Active,active,rf_v1
CID-2739954,CC1=C(C2=C(O1)C(=C(C(=C2F)F)F)F)S(=O)(=O)NC3=CC=CC(=C3)C(F)(F)F,0.58,Active,active,rf_v1
CID-2808586,CC(=O)N(C1=CC=C(C=C1)C(F)(F)F)S(=O)(=O)C2=CC=C(C=C2)N3C(=O)CCC3=O,0.35,Inactive,active,rf_v1
CID-2813012,COC1=CC=C(C=C1)NC(=O)CC2C(=O)NCCN2C(=O)NC3=CC=C(C=C3)C(F)(F)F,0.72,Active,active,rf_v1
CID-2814640,CC(C)(C)C1=CC=C(C=C1)NC(=O)CSC2=NNC(=O)N2C3=CN=CC=C3,0.16,Inactive,active,rf_v1
CID-2814665,COC(=O)C1=CC=CC=C1NC(=O)C2=CC3=C(C=C2)OCCCO3,0.8,Active,active,rf_v1
CID-2815268,CC1=C(C=C(C=C1)S(=O)(=O)NC2=CC(=NN2C)C3=CC=CC=C3)Cl,0.27,Inactive,active,rf_v1
CID-2815694,CC1=C(C=C(C=C1)NC(=O)NC2=CN=CC=C2)Cl,0.78,Active,active,rf_v1
CID-2815848,C1COC2=C(O1)C=CC(=C2)NC(=O)C3=C(OC=N3)C4=CC=CC=C4,0.77,Active,active,rf_v1
CID-2829992,CC1=CC(=C(C=C1)NC(=S)NC(C(Cl)(Cl)Cl)NC(=O)C2=CC=CC=C2C)C,0.83,Active,active,rf_v1
CID-2845421,CCC1CCC(CC1)N2CCN(CC2)C3=CC=C(C=C3)[N+](=O)[O-],0.62,Active,active,rf_v1
CID-2849510,C1=CC=C(C=C1)C2=CSC(=N2)NC(=O)C3=C(C(=CC=C3)[N+](=O)[O-])C(=O)O,0.75,Active,active,rf_v1
CID-2853037,C1C(N(N=C1C2=CC=CC=C2)C3=CC=C(C=C3)C(=O)O)C4=CC=CC=C4,0.72,Active,active,rf_v1
CID-2870196,CC1=NC2=C(C=C(C=C2)Br)C(N1CC(=O)NN)C3=CC=CC=C3,0.91,Active,active,rf_v1
CID-2870396,C1=CC=C(C=C1)C2C3=C(C=CC(=C3)Br)N=C(N2CC(=O)NN)C4=CC=CC=C4,0.93,Active,active,rf_v1
CID-2870407,C1COCCN1CC2=NC3=C(C=C(C=C3)Br)C(N2CC(=O)NN)C4=CC=CC=C4,0.88,Active,active,rf_v1
CID-2890716,CCC(C1=CC=CC=C1)C(=O)NC2=CC=CC(=C2)C(F)(F)F,0.66,Active,active,rf_v1
CID-2898168,CC1=CC2=C(C=C1C)NC(=O)CC2C3=CC=CC=C3F,0.67,Active,active,rf_v1
CID-2898209,CC1=CC=C(C=C1)NC(CNS(=O)(=O)C2=CC=C(C=C2)Cl)C3=CC=CC=C3,0.85,Active,active,rf_v1
CID-2915854,CCOC1=CC=C(C=C1)N(CC(=O)NCCSCC2=CC=CO2)S(=O)(=O)C3=CC=C(C=C3)C,0.68,Active,active,rf_v1
CID-2917531,CC1=C(C(=CC=C1)NC(=S)NN2CCOCC2)C,0.62,Active,active,rf_v1
CID-2925127,C1=CC=C(C(=C1)C(=O)CC2(C3=CC=CC=C3N(C2=O)CC(=O)N)O)O,0.69,Active,active,rf_v1
CID-2928698,CC(C)CC(=O)NC(C1=CC=CC=C1Cl)C2=C(C=CC3=CC=CC=C32)O,0.66,Active,active,rf_v1
CID-2939288,CC1CCC2C(C1)C(=O)N(C2=O)C3=C(C=CC(=C3)Cl)OC(=O)C4=CC=CO4,0.55,Active,active,rf_v1
CID-2943685,CC1=CC(=C(C=C1)O)NC2=NC=NC3=CC=CC=C32.Cl,0.67,Active,active,rf_v1
CID-2949086,C1CN(CCN1C2=CC=CC=C2NC(=O)C3=CC(=CC=C3)[N+](=O)[O-])C(=O)C4=CC=C(C=C4)Cl,0.79,Active,active,rf_v1
CID-2951459,CC1=CC=C(O1)C(=O)C2=C(C(=O)N(C2C3=CC=C(C=C3)OC(C)C)CC4=CN=CC=C4)O,0.3,Inactive,active,rf_v1
CID-2952090,CC1=CC2=C(C=C1)N(C3=C2CCCC3)CC(CN4CCCCCC4)O.Cl,0.74,Active,active,rf_v1
CID-2958977,CC1=CC=C(C=C1)C(=O)N2CCN(CC2)C3=CC=C(C=C3)NC(=O)C4=CC(=C(C(=C4)OC)OC)OC,0.76,Active,active,rf_v1
CID-2963113,C1=CC(=C(C(=C1)Cl)CC(=O)NCCCN2C=CN=C2)F,0.67,Active,active,rf_v1
CID-2965851,C1=CC=C2C(=C1)C(=C(N2)C(=O)O)C(C3=C(C=CC(=C3)Br)O)C4=C(NC5=CC=CC=C54)C(=O)O,0.9,Active,active,rf_v1
CID-2966254,C1=CC=C2C(=C1)C(=C(N2)C(=O)O)C(C3=C(C=CC(=C3)Br)OCC(=O)O)C4=C(NC5=CC=CC=C54)C(=O)O,0.85,Active,active,rf_v1
CID-2966450,CC(C1=NN=C(N1C)SCCOC2=CC=C(C=C2)OC)NC(=O)CC3=CC=C(C=C3)OC,0.18,Inactive,active,rf_v1
CID-2971444,CC1=CC(=O)OC2=C1C=CC(=C2)NC(=O)CC3=CC=CC=C3[N+](=O)[O-],0.79,Active,active,rf_v1
CID-2974727,CN(C1=C(C=CC(=C1)S(=O)(=O)NC2=CC=C(C=C2)F)OC)S(=O)(=O)C3=CC=C(C=C3)Cl,0.81,Active,active,rf_v1
CID-2993330,CC1=CC(=C(C=C1)OC)NC(=O)CSC2=NC3=C(C(=CS3)C)C(=O)N2,0.76,Active,active,rf_v1
CID-2997527,CC1=CC(=NO1)NC(=O)COC(=O)C(C(C)C)NC2=C(C=C(C=C2)C(F)(F)F)Cl,0.66,Active,active,rf_v1
CID-2998767,CC1(C(=O)N(C(=O)N1)CC(=O)NCC2=CC=CO2)C3=CC4=C(C=C3)C=C(C=C4)OC,0.11,Inactive,active,rf_v1
CID-2999977,CC1=CC=C(C=C1)C(=O)OC2=CC3=C(C=C2)N(C=N3)C,0.79,Active,active,rf_v1
CID-3091264,C1=CC=C(C=C1)COC(=O)NC(C(Cl)(Cl)Cl)NC(=S)NC2=CC(=CC=C2)Cl,0.79,Active,active,rf_v1
CID-3110581,C1=CC(=CC(=C1)[N+](=O)[O-])C2=CSC(=N2)NC(=O)C3=C(C(=CC=C3)[N+](=O)[O-])C(=O)O,0.78,Active,active,rf_v1
CID-3128209,C1=CC(=CC=C1NC2=CC=C(C3=NON=C23)[N+](=O)[O-])S(=O)(=O)N,0.21,Inactive,active,rf_v1
CID-3129448,COC1=CC(=C(C=C1C2=NC3=C(C=C(C=C3)Br)C(N2CC(=O)NN)C4=CC=CC=C4)OC)OC,0.84,Active,active,rf_v1
CID-3152897,CC1=CC=C(C=C1)C2=CC(=NN2)NC(=O)C3=CC=CC=C3[N+](=O)[O-],0.72,Active,active,rf_v1
CID-3158067,COC1=CC(=CC(=C1OC)OC)NC(=O)C2CC(=NO2)C3=CC(=CC=C3)Br,0.21,Inactive,active,rf_v1
CID-3162837,C1C(N(N=C1C2=CC=CS2)C(=O)CCl)C3=CC=CO3,0.96,Active,active,rf_v1
CID-3178307,CC(=O)NC1=CC=C(C=C1)N(C(C2=CC(=C(C=C2)O)O)C(=O)NC3CCCC3)C(=O)CN4C5=CC=CC=C5N=N4,1.0,Active,active,rf_v1
CID-3191469,CC(=O)NC1=CC=C(C=C1)N(C(C2=CC=C(C=C2)OC)C(=O)NCC3CCCO3)C(=O)CN4C5=CC=CC=C5N=N4,0.99,Active,active,rf_v1
CID-3191502,CC(=O)NC1=CC=C(C=C1)N(C(C2=C(C=C(C=C2)OC)OC)C(=O)NCC3CCCO3)C(=O)CN4C5=CC=CC=C5N=N4,0.97,Active,active,rf_v1
CID-3191638,CC(=O)NC1=CC=C(C=C1)N(C(C2=C(C(=CC=C2)OC)OC)C(=O)NCC3CCCO3)C(=O)CN4C5=CC=CC=C5N=N4,0.97,Active,active,rf_v1
CID-3191728,CC(=O)NC1=CC=C(C=C1)N(C(C2=CC(=CC=C2)OC)C(=O)NCC3CCCO3)C(=O)CN4C5=CC=CC=C5N=N4,0.98,Active,active,rf_v1
CID-3192987,CCC1=NC(=C2C3=C(CC(CC3)C)SC2=N1)N4CCN(CC4)C(=O)CCl,0.67,Active,active,rf_v1
CID-3196508,CCC(C)C1=CC=C(C=C1)N(C(C2=CN=CC=C2)C(=O)NC3CCCC3)C(=O)C4=CC=CO4,0.89,Active,active,rf_v1
CID-3196509,CC(C)C1=CC=C(C=C1)N(C(C2=CN=CC=C2)C(=O)NC3CCCC3)C(=O)C4=CC=CO4,0.89,Active,active,rf_v1
CID-3196510,CCC1=CC=C(C=C1)N(C(C2=CN=CC=C2)C(=O)NC3CCCC3)C(=O)C4=CC=CO4,0.89,Active,active,rf_v1
CID-3197965,CC1=CC(=C(C(=C1)C)N(C(C2=CSC=C2)C(=O)NC(C)(C)C)C(=O)CN3C4=CC=CC=C4N=N3)C,0.92,Active,active,rf_v1
CID-3198732,CCC(C)(C)NC(=O)C(C1=CC=CN1C)N(C2=CC=C(C=C2)NC(=O)C)C(=O)CN3C4=CC=CC=C4N=N3,0.95,Active,active,rf_v1
CID-3198832,CCC(C)(C)NC(=O)C(C1=CC=C(C=C1)O)N(C2=CC=C(C=C2)NC(=O)C)C(=O)CN3C4=CC=CC=C4N=N3,0.99,Active,active,rf_v1
CID-3202425,COC1=CC=CC(=C1)C(C(=O)NC2=CC=C(C=C2)F)N(C3CC3)C(=O)CN4C5=CC=CC=C5N=N4,0.84,Active,active,rf_v1
CID-3206178,C1=CC=C2C(=C1)N=NN2CC(=O)N(CC3=CC=CS3)C(C4=CC=CO4)C(=O)NCC5=CC=CO5,0.97,Active,active,rf_v1
CID-3206295,COC1=CC=CC(=C1)C(C(=O)NCC2=CC=CO2)N(CC3=CC=CO3)C(=O)CN4C5=CC=CC=C5N=N4,0.96,Active,active,rf_v1
CID-3211933,CC1=CC=C(O1)C(C(=O)NCCOC)N(C2=CC=CC=C2)C(=O)CN3C4=CC=CC=C4N=N3,0.94,Active,active,rf_v1
CID-3221960,CC(C)C1=CC=C(C=C1)N(C(C2=CN=CC=C2)C(=O)NC3CCCC3)C(=O)C4=CSN=N4,0.84,Active,active,rf_v1
CID-3235672,CC1=CC=C(C=C1)CN2C(=O)CSC3=C2C=C(C=C3)C(=O)NCCN4CCOCC4,0.19,Inactive,active,rf_v1
CID-3237441,COC1=C(C=C(C=C1)C2=NN(C(=C2)N)S(=O)(=O)C3=C(C(=C(C(=C3F)F)F)F)F)OC,0.74,Active,active,rf_v1
CID-3237586,CC(=O)C1=C(NC(=C1)C2=CC=CC=C2)N3CCOCC3,0.75,Active,active,rf_v1
CID-3239069,CC1=CC=C(C=C1)N2C(=NN=C2SCC(=O)NC3=CC4=C(C=C3)OCO4)CC5=CC=CN5C,0.69,Active,active,rf_v1
CID-3240186,CC1CC2=CC=CC=C2N1C(=O)C3CCCN(C3)S(=O)(=O)C4=CC=CC5=NSN=C54,0.13,Inactive,active,rf_v1
CID-3242436,CCCCCN1C(=NC2=C1C(=O)NC(=O)N2C)CN3CCN(CC3)CC4=CC=CC=C4,0.01,Inactive,active,rf_v1
CID-3244307,CC(C)(C)C1CCC2=C(C1)C(=NO2)C(=O)NC3=CN=CC=C3,0.36,Inactive,active,rf_v1
CID-3245569,COC1=C(C(=C(C=C1)NC(=O)CN2C3=C(C=C2C(=O)OC)SC=C3)OC)OC,0.61,Active,active,rf_v1
CID-3257857,CCC1C(=O)N(C(=O)C(S1)CC)CC(=O)NC2=CC=C(C=C2)C(=O)OCC,0.63,Active,active,rf_v1
CID-3293421,C1=CC(=CC(=C1)NC(=O)NCCNC(=O)C2=C(C=CC(=C2)OCC(F)(F)F)OCC(F)(F)F)C(F)(F)F,0.72,Active,active,rf_v1
CID-3473830,CC(=O)N1C=C(C2=CC=CC=C21)N(C3=CC=C(C=C3)[N+](=O)[O-])C(=O)CCl,0.85,Active,active,rf_v1
CID-3475954,CN(C)S(=O)(=O)C1=CC=CC(=C1)NC(=O)CSC2=CC=CC3=C2N=CC=C3,0.16,Inactive,active,rf_v1
CID-3555173,COC1=CC=C(C=C1)C2C(C(=NN2C(=O)CCl)C3=CNC4=CC=CC=C43)O,0.57,Active,active,rf_v1
CID-3590295,CC1=C(C=CC(=C1)Cl)OC(C)C(=O)NC2=CC=C(C=C2)S(=O)(=O)NC3=NC4=CC=CC=C4N=C3,0.86,Active,active,rf_v1
CID-3592691,CC(C)(C)C(=O)NC(=S)NC1=C(C2=C(S1)CCCCC2)C#N,0.68,Active,active,rf_v1
CID-3634352,C1=CC=C2C(=C1)C(=O)N(C=N2)NC(=O)C3=CC=C(C=C3)Br,0.71,Active,active,rf_v1
CID-3640363,C1=CC=C2C(=C1)C(=C(N2CC(=O)O)C(=O)O)C=O,0.72,Active,active,rf_v1
CID-3686662,CC(C1=CC(=C(C=C1)Cl)Cl)NC(=O)CCl,0.77,Active,active,rf_v1
CID-3735802,COC1=CC=C(C=C1)C(CCN(CC2=CC(=C(C=C2)OC)OC)C(=O)CCl)C3=CC=CC=C3,0.84,Active,active,rf_v1
CID-3774350,CC1=C(C=C(C=C1)NC2=NC(=C(C(=N2)N3CCOCC3)[N+](=O)[O-])N)C,0.62,Active,active,rf_v1
CID-3794723,CN1C(C(CO1)S(=O)(=O)C2=CC=CC=C2)C3=CC(=C(C=C3)OCC4=CC=C(C=C4)OC)OC,0.71,Active,active,rf_v1
CID-3811656,COC1=C(C=C(C=C1)C2CC(=NN2C(=O)CCl)C3=CC=CS3)OC,0.97,Active,active,rf_v1
CID-3859741,COC1=C(C=CC(=C1)C2CC(=NN2C(=O)CCl)C3=CC=CS3)OC(F)F,0.94,Active,active,rf_v1
CID-3878400,C1=CC=C(C(=C1)C(=O)OC2=CN=CC=C2)[N+](=O)[O-],0.65,Active,active,rf_v1
CID-3912197,COC1=C(C=C2C(N(CCC2=C1)C(=O)CCl)C3=C(C=CC(=C3)Br)F)OC,0.38,Inactive,active,rf_v1
CID-3929515,C1=CC=C(C=C1)C2C=CC(C3C2C(=O)N(C3=O)C4=CN=CC=C4)C5=CC=CC=C5,0.77,Active,active,rf_v1
CID-3962842,CNC1=C(N=C(O1)C2=CC=C(C=C2)Cl)P(=O)(C3=CC=CC=C3)C4=CC=CC=C4,0.71,Active,active,rf_v1
CID-3992501,CC1=C(C(NC(=S)N1)C2=CC=C(O2)C3=CC=CC=C3C(=O)OC)C(=O)OC,0.2,Inactive,active,rf_v1
CID-4077726,CC1=CC(=CC=C1)N2C(=O)CC(C2=O)N(CC3=C(N(N=C3C)C)C)C(=S)NC4=CC=C(C=C4)Cl,0.68,Active,active,rf_v1
CID-4137407,CC1CCN(CC1)C2=C3C(=C(SC3=NC(=N2)C)C(=O)NC4=CC5=C(C=C4)OCCO5)C,0.22,Inactive,active,rf_v1
CID-4175307,CC1=CC=CC=C1NC2=NN=C(S2)SCC(=O)NC3=C(C=C(C=N3)C(F)(F)F)Cl,0.85,Active,active,rf_v1
CID-4181547,CC1=CC=C(C=C1)C2C3=C(NC4=C2C(=O)CC(C4)(C)C)ON=C3C,0.71,Active,active,rf_v1
CID-4182036,C1CC(OC1)CNC(=O)CCNC(=O)CN2C=NC3=CC=CC=C3C2=O,0.1,Inactive,active,rf_v1
CID-4187185,CCCOC(=O)C1=C(SC=C1C2=C(C=C(C=C2)C)C)NC(=O)C3C4CCC(C3C(=O)O)O4,0.71,Active,active,rf_v1
CID-4189659,CC(C)C1=CC=C(C=C1)NC(=O)CSC2=NC3=C(C(=O)N2CC4=CC=C(C=C4)C(=O)O)SC=C3,0.15,Inactive,active,rf_v1
CID-4220289,CCN1C=C(C=N1)C(=O)NC(=S)NC2=CC=CC=C2[N+](=O)[O-],0.17,Inactive,active,rf_v1
CID-4330749,CC1=CC=C(C=C1)C(=O)NC(=C(Cl)Cl)S(=O)(=O)C2=CC=CC=C2,0.84,Active,active,rf_v1
CID-4371580,CC1CCC2=C(N1CC(=O)N3CCC4=C(C3)C5=C(N4)C=CC(=C5)C)C=CC(=C2)F,0.73,Active,active,rf_v1
CID-4377849,CC1=CC=C(C=C1)OCC2=NC(=C(O2)NC3=CC=C(C=C3)OC)C#N,0.77,Active,active,rf_v1
CID-4381126,COC1=CC=C(C=C1)N(C(C2=CN=CC=C2)C(=O)NC3CCCCC3)C(=O)CCl,0.7,Active,active,rf_v1
CID-4395364,C1=CC=C2C(=C1)C(=CC(=C2N)C(C(F)(F)F)(C(F)(F)F)O)C(C(F)(F)F)(C(F)(F)F)O,0.79,Active,active,rf_v1
CID-4437603,CC1=CC=C(C=C1)C2CC(=NN2C(=O)CCl)C3=CC=CS3,0.96,Active,active,rf_v1
CID-4438422,C1C2=C(N(N=C2CS1(=O)=O)C3=CC(=CC=C3)Cl)NC(=O)C4=CC5=C(C=C4)OCO5,0.77,Active,active,rf_v1
CID-4447969,CC1=NN(C(=C1C(C2=CC=CC=C2)C3=C(N(N=C3C)C4=CC=CC=C4)N)N)C5=CC=CC=C5,0.76,Active,active,rf_v1
CID-4542341,CC1=CC(=CC=C1)N2C3=C(C(=N2)C)C(=CC(=N3)C4=CC=CS4)C(=O)O,0.19,Inactive,active,rf_v1
CID-4586109,C1=CC=C(C=C1)CN(C2=NC(=C(S2)C3=CC=CC=C3)C4=CC=CC=C4)C(=O)CSCC(=O)O,0.74,Active,active,rf_v1
CID-4621376,CCCCOC1=CC=C(C=C1)C(=O)OC2=CN=CC=C2,0.82,Active,active,rf_v1
CID-4679126,CCOC1=CC=C(C=C1)C2C(=C(C(=O)N2C3=NC(=C(S3)C(=O)OC)C)O)C(=O)C4=CC=C(O4)C,0.21,Inactive,active,rf_v1
CID-4794522,CC1=CC(=O)OC2=C1C=CC(=C2)NC(=O)C3=CC=CC=C3OC(F)F,0.76,Active,active,rf_v1
CID-4836362,C1=CC=C(C(=C1)C(=O)O)NS(=O)(=O)C2=CC(=C(C=C2)NNC(=S)NC3=CC=C(C=C3)OC(F)F)[N+](=O)[O-],0.83,Active,active,rf_v1
CID-4868361,C1=CC=C(C=C1)NC(=O)NN(C2=CC=CC=C2)C(=O)CCl,0.76,Active,active,rf_v1
CID-4900532,COC1=CC=C(C=C1)N(CC2=CC3=CC=CC=C3NC2=O)S(=O)(=O)C4=CC=C(C=C4)OC,0.82,Active,active,rf_v1
CID-4907806,CCN1C2=C(C=C3C=C(C=CC3=N2)C)C(=N1)NS(=O)(=O)C4=CC=CC=C4,0.74,Active,active,rf_v1
CID-4910360,CCN1C2=NC3=C(C=CC=C3C=C2C(=N1)NS(=O)(=O)C4=CC=C(C=C4)[N+](=O)[O-])C,0.82,Active,active,rf_v1
CID-4911266,CCOC1=CC=C(C=C1)N(CC2=CC3=C(C=C(C=C3)C)NC2=O)S(=O)(=O)C4=CC=CC=C4,0.82,Active,active,rf_v1
CID-4917203,C1=CC=NC(=C1)SCC(=O)NC2=NON=C2[N+](=O)[O-],0.08,Inactive,active,rf_v1
CID-4944777,CC1=CC(=C(C=C1)C)OC(C)C(=O)NC2=NC=CS2,0.63,Active,active,rf_v1
CID-4961646,CC1=CC=C(O1)C2=NN(C(C2)C3=CC=CO3)C(=O)CCl,0.94,Active,active,rf_v1
CID-4961648,CC1=CC=C(O1)C2=NN(C(C2)C3=CC=CS3)C(=O)CCl,0.96,Active,active,rf_v1
CID-5114648,C1=CC=C2C(=C1)C3=CC=CC=C3C2=NNC4=CC(=C(C=C4)Cl)C(=O)O,0.83,Active,active,rf_v1
CID-5302421,CSC1=NSC(=N1)NC(=O)OCC2=CC=C(C=C2)Cl,0.19,Inactive,active,rf_v1
CID-5341357,CC(=NNC(=O)C1=CC(=C(C=C1)Cl)Cl)CN2N=C(N=N2)[N+](=O)[O-],0.68,Active,active,rf_v1
CID-5349620,C1C2C=CC1C3C2C(=O)N(C3=O)N=CC4=CC=C(O4)C5=CC=CC=C5[N+](=O)[O-],0.4,Inactive,active,rf_v1
CID-5399054,C1=CC=C2C(=C1)N=NN2CC(=O)NN=CC3=CC=CS3,0.85,Active,active,rf_v1
CID-5509654,COC1=CC(=CC(=C1OC)OC)C=NNC(=O)CN2C3=CC=CC=C3N=N2,0.97,Active,active,rf_v1
CID-5713900,C1=CC(=CC=C1C(=NS(=O)(=O)C2=CC(=CC(=C2)C(F)(F)F)C(F)(F)F)N)Cl,0.72,Active,active,rf_v1
CID-5734448,C1=CC=C(C(=C1)C=CC(=O)C2=C(C=CC(=C2)Br)OC(=O)C3=CC=CO3)F,0.91,Active,active,rf_v1
CID-5734490,COC1=CC=CC=C1C=CC(=O)C2=C(C=CC(=C2)Br)OC(=O)C3=CC=CO3,0.99,Active,active,rf_v1
CID-5735038,CC1=CC=C(C=C1)C=CC(=O)C2=C(C=CC(=C2)Br)OC(=O)C3=CC=CO3,0.94,Active,active,rf_v1
CID-5741945,C1CN(CCN1CC=CC2=CC=CC=C2)C3CC(=O)N(C3=O)CC4=CC=CS4,0.71,Active,active,rf_v1
CID-5756577,COC1=CC=CC=C1C=C2C(=O)N(C(=S)S2)CCC(=O)NNC(=O)C3=CC=CC=C3OC,0.39,Inactive,active,rf_v1
CID-5824720,CCC1=CC=C(C=C1)S(=O)(=O)N=C2C=C(C(=O)C3=CC=CC=C32)NC4=CC=C(C=C4)C(=O)O,0.88,Active,active,rf_v1
CID-5824722,CC1=CC=C(C=C1)S(=O)(=O)N=C2C=C(C(=O)C3=CC=CC=C32)NC4=CC=CC(=C4)C(=O)O,0.93,Active,active,rf_v1
CID-5897880,C1COCCN1C(=O)CN2C=C(C3=CC=CC=C32)C=C4C(=O)NC(=O)N(C4=O)C5=CC=CC=C5F,0.76,Active,active,rf_v1
CID-5918347,CC1=C(C(=NS1)S(=O)(=O)C(=NNC2=CC=CC(=C2)C(F)(F)F)C#N)C#N,0.73,Active,active,rf_v1
CID-5928454,COC(=O)CC1COC2=CC=CC=C2N1C(=O)C=CC3=CC=CC=C3,0.62,Active,active,rf_v1
CID-6023693,CC1=CC=CC=C1NC2=CC(=NS(=O)(=O)C3=CC=C(C=C3)C(=O)O)C4=CC=CC=C4C2=O,0.79,Active,active,rf_v1
CID-6225958,C1=CSC(=C1)C=C2C(=O)N(C(=O)S2)CC(=O)NC3=CC(=C(C=C3)C(=O)O)O,0.75,Active,active,rf_v1
CID-6236746,C1CCN(C(C1)CCO)C(=O)CCN2C(=O)C(=CC3=CC(=CC=C3)Cl)SC2=S,0.75,Active,active,rf_v1
CID-6246323,CCC1=NN=C(S1)NS(=O)(=O)C2=CC=C(C=C2)NC(=O)C=CC3=CC=C(C=C3)F,0.86,Active,active,rf_v1
CID-6268409,C1=CC=C(C=C1)COC2=CC=CC(=C2)C=C(C3=CC=C(C=C3)F)C(=O)O,0.74,Active,active,rf_v1
CID-6403417,COC1=CC(=CC(=C1OC)OC)NC(=O)C2=CC(=NN=C2Cl)Cl,0.56,Active,active,rf_v1
CID-6460643,C1CN(CCN1C2=CC=C(C=C2)F)C(=O)CCS(=O)(=O)C3=CC=CC=C3,0.67,Active,active,rf_v1
CID-6465235,C1=CC2=NON=C2C(=C1)S(=O)(=O)NC3=C(C=CC(=C3)F)F,0.17,Inactive,active,rf_v1
CID-6470683,CCC1=C(SC(=C1C(=O)N2CCOCC2)NC(=O)CC3=CC=CC=C3OC)C,0.12,Inactive,active,rf_v1
CID-6470895,CN1C(=C(C=N1)Cl)C(=O)NC2=CC3=C(C=C2)OCO3,0.7,Active,active,rf_v1
CID-6602830,C1=CC(=CN=C1)OC(=O)C2=CC=C(C=C2)Cl.Cl,0.9,Active,active,rf_v1
CID-6878045,C1=CC=C(C(=C1)C=CC=NN2C(=NNC2=S)C3=CC=CO3)[N+](=O)[O-],0.82,Active,active,rf_v1
CID-6880919,C1=CC=C(C=C1)C(C2=CC=CC=C2)(C(=O)NN=CC3=CC=C(O3)C4=C(C=CC(=C4)C(=O)O)Cl)O,0.78,Active,active,rf_v1
CID-6903089,C1=CC=C(C=C1)C2=C(C3=CC=CC=C3N2C4=CC=CC=C4)C=NNC(=O)CC#N,0.71,Active,active,rf_v1
CID-6904494,C1=CC(=CC(=C1)S(=O)(=O)NC2=CC=C(C=C2)Cl)C(=O)NN=CC3=CC=NC=C3,0.86,Active,active,rf_v1
CID-7254819,C1=CC(=CC=C1F)SCC(=O)NC2=CC3=C(C=C2)C(=O)NC3=O,0.14,Inactive,active,rf_v1
CID-7314640,CNC1=CC=C(C=C(C1=O)C(=O)C=CC2=CC3=C(C=C2)OCO3)Br,0.81,Active,active,rf_v1
CID-7996726,CCOC(=O)C1=C(N(C2=C1C(=C(C=C2)O)C(=O)O)S(=O)(=O)C3=CC=C(C=C3)C)C,0.73,Active,active,rf_v1
CID-9549963,CC1C(=O)NC(C(=O)NC(CCCCNC2=C(C=C(C=C2I)[N+](=O)[O-])C(=O)N1)C(=O)N)CC(=O)N,0.17,Inactive,active,rf_v1
CID-9550250,COC1=C(C=C(C=C1)C(=NOC(=O)CSC2=CC=CC=C2)N)OC,0.68,Active,active,rf_v1
CID-9551063,CC1=CC=C(C=C1)NC2=C(C(=O)N(N=C2)C34CC5CC(C3)CC(C5)(C4)CC(=O)O)Cl,0.72,Active,active,rf_v1
CID-9557232,COC1=C(C=C(C=C1)C=NNC(=O)CN2C3=CC=CC=C3N=N2)OC,0.95,Active,active,rf_v1
CID-9563422,CC1=CC=C(C=C1)OCC(=O)NN=CC2=CC=C(O2)[N+](=O)[O-],0.65,Active,active,rf_v1
CID-9563955,CC(C)C(=O)NC1=CC=CC(=C1)C(=NNC(=O)C2=CC(=C(C=C2)Cl)Cl)C,0.35,Inactive,active,rf_v1
CID-9566932,CC(=NN=C(N)SC1CC(=O)N(C1=O)C2=CC=C(C=C2)Cl)C3=CC=CS3,0.79,Active,active,rf_v1
CID-9566958,CC(=NN=C(N)SC1CC(=O)N(C1=O)C2=CC(=CC=C2)Cl)C3=CC=CS3,0.85,Active,active,rf_v1
CID-9585555,C1C2CC3CC1CC(C2)(C3)C4=CC=C(C=C4)C=NNC(=S)N,0.68,Active,active,rf_v1
CID-9596269,CC1=CC(=C(C=C1Br)Br)OCC(=O)NN=C(C)CC(=O)NC2=CC=C(C=C2)NC(=O)C,0.36,Inactive,active,rf_v1
CID-9609431,CC1=CC(=C(C(=C1)C)S(=O)(=O)N=C2C=C(C(=O)C3=CC=CC=C32)NC4=CC=C(C=C4)C(=O)O)C,0.89,Active,active,rf_v1
CID-9611292,CCCC1=C(N=NN1C2=NON=C2N)C(=O)NN=CC3=C(C=CC4=CC=CC=C43)OC,0.7,Active,active,rf_v1
CID-9636511,CCCCNC(=O)N(C1C(SC(=S)N1N=CC2=CC=C(C=C2)N(C)C)(C)C)O,0.77,Active,active,rf_v1
CID-9637339,CC(C)OC1=CC=C(C=C1)C=NNC(=O)C2=C(N(N=N2)C3=NON=C3N)CN(C)C4=CC=CC=C4,0.81,Active,active,rf_v1
CID-9643441,CC1(C2CC=C(C1C2)C=NNC(=S)NC3=CN=CC=C3)C,0.74,Active,active,rf_v1
CID-9661081,COC1=CC=CC(=C1)C=NNC(=S)NC2=CN=CC=C2,0.73,Active,active,rf_v1
CID-9662819,CN(CC1=C(N=NN1C2=NON=C2N)C(=O)NN=CC3=CC(=CC=C3)OC)C4=CC=CC=C4,0.73,Active,active,rf_v1
CID-9666324,CC1(C(N(C(=S)S1)N=CC2=CC=CS2)N(C(=O)NC)O)C,0.68,Active,active,rf_v1
CID-12005302,CC1=CC(=CC(=C1)NS(=O)(=O)C2=CC3=C(C=C2)NC=C(C3=O)C(=O)N4CCC5=CC=CC=C54)C,0.82,Active,active,rf_v1
CID-16007641,CC1=C(C(=NO1)C)S(=O)(=O)N(CC(=O)NCC2=CC(=CC=C2)OC)C3=CC=C(C=C3)C(C)C,0.68,Active,active,rf_v1
CID-16017324,CCN(C1=CC=CC=C1)S(=O)(=O)C2=NN=C(S2)NC(=O)C3=CC=CC=C3OC,0.73,Active,active,rf_v1
CID-16017527,CC1=CC(=CC=C1)C(=O)NC2=NN=C(S2)S(=O)(=O)NC3=CC=CC(=C3)C,0.87,Active,active,rf_v1
CID-16019819,CCC1=CC=C(C=C1)NC(=O)C2CCCN(C2)S(=O)(=O)C3=CC4=C(C=C3)NC(=O)C=C4,0.69,Active,active,rf_v1
CID-16034541,CN(CC1=CC=C(C=C1)F)S(=O)(=O)C2=NN=C(S2)NC(=O)C3=CC=CC=C3Br,0.65,Active,active,rf_v1
CID-16195219,COC1=CC=C(C=C1)NC(=O)C2=CC3=C(C=C2)C(=O)N(C(=S)N3)C4=C(C=C(C=C4)OC)OC,0.7,Active,active,rf_v1
CID-16196190,CCOC(=O)C1=C(SC(=C1C2=CC=CC=C2)CN(C)C)NC(=O)CCl.Cl,0.79,Active,active,rf_v1
CID-16404473,COC1=CC(=C(C=C1C=C2C(=O)C3=C(O2)C=C(C=C3)OCC(=O)N4CC5=CC=CC=C5CC4C(=O)O)OC)OC,0.26,Inactive,active,rf_v1
CID-16682428,CC1=C2C(=CC=C1)C(=C(C(=N2)C)CC=C)SC(=N)N.Cl,0.67,Active,active,rf_v1
CID-16682477,C[N+]1=CC=CC2=C(C=CC(=C21)[O-])Br.O,0.6,Active,active,rf_v1
CID-16745830,CN1CCN2C(C1)C3(CC4=C2C=CC(=C4)N)C(=O)NC(=O)NC3=O,0.7,Active,active,rf_v1
CID-16807543,CN(C)CCNC(=O)C(=O)NCC1N(CCO1)S(=O)(=O)C2=CC=C(C=C2)OC,0.75,Active,active,rf_v1
CID-16812389,C1COC(N1S(=O)(=O)C2=CC3=C(C=C2)OCCO3)CNC(=O)C(=O)NCCC4=CC=CC=C4,0.82,Active,active,rf_v1
CID-16825531,COC1=CC=CC=C1CCNC(=O)C(=O)NCC2N(CCO2)S(=O)(=O)C3=CC4=C(C=C3)OCCO4,0.87,Active,active,rf_v1
CID-17379494,COC1=CC=C(C=C1)S(=O)(=O)N2CCN(CC2)C(=O)NC3=CC=CC=C3OC,0.1,Inactive,active,rf_v1
CID-17580184,CC1=CC2=C(C=C1)N(C(=O)C2NC(=O)C)CCN3CCOCC3,0.92,Active,active,rf_v1
CID-17582529,C1C(OC2=CC=CC=C2O1)CN3C4=CC=CC=C4C(=O)C3=O,0.87,Active,active,rf_v1
CID-17583883,COC1=CC2=C(C=C1)N(C(=O)C2=O)CC3COC4=CC=CC=C4O3,0.89,Active,active,rf_v1
CID-17584476,CCOC1=CC2=C(C=C1)N(C(=O)C2=O)CC3COC4=CC=CC=C4O3,0.9,Active,active,rf_v1
CID-20862125,CCC1=CC=C(C=C1)NC(=O)CN(C2=CC=C(C=C2)OCC)S(=O)(=O)C3=C(NC(=O)NC3=O)C,0.26,Inactive,active,rf_v1
CID-20903731,CC1CCN(CC1)C2=NN3C(=NN=C3CCC(=O)NCCCOC(C)C)C=C2,0.64,Active,active,rf_v1
CID-22515899,C1=C(C=C(C=C1C(F)(F)F)NS(=O)(=O)C2=C(N=CC(=C2)Br)N)C(F)(F)F,0.84,Active,active,rf_v1
CID-22517479,CC1=CC(=CC=C1)NS(=O)(=O)C2=NN=C(S2)NC(=O)C3=CC=C(C=C3)Cl,0.89,Active,active,rf_v1
CID-22518136,CCN(C1=CC=C(C=C1)OC)S(=O)(=O)C2=NN=C(S2)NC(=O)COC3=CC=C(C=C3)C,0.75,Active,active,rf_v1
CID-22551764,CC1C(=O)NC2=C(S1)C=CC(=C2)S(=O)(=O)CCC(=O)N3CCN(CC3)C4=C(C=CC(=C4)C)C,0.8,Active,active,rf_v1
CID-22583081,CC1=NC(=CO1)C2=CC=C(C=C2)S(=O)(=O)N3CCN(CC3)C4=CC=CC=C4,0.65,Active,active,rf_v1
CID-24747373,CCC1=CC2=C(C=C1)N(C(=O)C2NC(=O)C)CCN3CCOCC3.Cl,0.9,Active,active,rf_v1
CID-24747455,CC(=O)NC1C2=C(C=CC(=C2)Br)N(C1=O)CCN3CCOCC3.Cl,0.95,Active,active,rf_v1
CID-24761147,CC(=O)NC1C2=C(C=CC(=C2)Cl)N(C1=O)CCN3CCOCC3.Cl,0.91,Active,active,rf_v1
CID-24761173,CC(=O)NC1C2=C(C=CC(=C2)F)N(C1=O)CCN3CCOCC3.Cl,0.91,Active,active,rf_v1
CID-24761221,CCN(CC)C(=O)CN1C=C(C2=CC=CC=C21)C=C3C(=O)NC(=O)N(C3=O)C4=CC=CC=C4F,0.85,Active,active,rf_v1
CID-24762071,COC1=CC(=CC(=C1)CNCCC2=CNC3=CC=CC=C32)OC.C(=O)(C(=O)O)O,0.79,Active,active,rf_v1
CID-24789267,CC(C)CC(C(=O)OC(C)(C)C)NC(=O)C1=C(NC=N1)C(=O)NCC2=CC=C(C=C2)CNC(=O)OC(C)(C)C,0.86,Active,active,rf_v1
CID-24789276,CC(C)(C)OC(=O)C(CC1=CC=CC=C1)NC(=O)C2=C(N=CN2)C(=O)NC(CC3=CC=CC=C3)C(=O)OCC4=CC=CC=C4,0.62,Active,active,rf_v1
CID-24789460,CC1=C(C(=NO1)C)S(=O)(=O)NC2=CC=C(C=C2)C(=O)NC3=CC=C(C=C3)OC(F)(F)F,0.82,Active,active,rf_v1
CID-24789481,CC(C)(C)OC(=O)C(CC1=CC=CC=C1)NC(=O)C2=C(NC=N2)C(=O)NCC3=CC=C(C=C3)CNC(=O)OC(C)(C)C,0.95,Active,active,rf_v1
CID-24789497,CC(C)(C)OC(=O)CNC(=O)C1=C(N=CN1)C(=O)NC(C2=CC=CC=C2)C3=CC=CC=C3,0.81,Active,active,rf_v1
CID-24789504,CC(C)(C)OC(=O)NCC1=CC=C(C=C1)CNC(=O)C2=C(N=CN2)C(=O)NC(CC3=CC=CC=C3)C(=O)OCC4=CC=CC=C4,0.89,Active,active,rf_v1
CID-24789625,CCOC(=O)C1CCN(CC1)C(=O)C2=CC3=C(C=C2)SC(=CC4=CC=CC(=C4)C)C(=O)N3,0.7,Active,active,rf_v1
CID-24789769,CC(C)CS(=O)(=O)C1=NSC2=NC(=O)C(=CC3=CC=C(C=C3)OC(=O)C4=CC=CO4)C(=N)N21,0.68,Active,active,rf_v1
CID-24790041,CCC12C3C(C(N1C(=O)N(C2=O)C4=CC(=CC=C4)F)C5=CC=C(C=C5)F)C(=O)N(C3=O)C6CCCCC6,0.87,Active,active,rf_v1
CID-24790050,CC12C3C(C(N1C(=O)N(C2=O)C4=CC(=CC=C4)F)C5=CC=C(C=C5)F)C(=O)N(C3=O)C6CCCCC6,0.89,Active,active,rf_v1
CID-24790237,CN(CC1=NC=CN=C1)C(=O)C2=NOC(=C2)COC3=CC=CC=C3SC,0.67,Active,active,rf_v1
CID-24790407,CC12C3C(C(N1C(=O)N(C2=O)C4=CC(=CC=C4)Br)C5=CC=C(C=C5)Cl)C(=O)N(C3=O)C6CCCCC6,0.88,Active,active,rf_v1
CID-24791295,CC1=CC(=NN1)C(=O)NC2CCCC3=C2C=NN3C4=CC=C(C=C4)C(C)(C)C,0.67,Active,active,rf_v1
CID-24791306,CN(CCC1=CC=CC=C1)C(=O)C2=NOC(=C2)COC3=CC=CC(=C3)C(F)(F)F,0.34,Inactive,active,rf_v1
CID-24792919,CC(C)CC(C(=O)OC(C)(C)C)NC(=O)C1=C(N=CN1)C(=O)NC(CC2=CC=CC=C2)C(=O)OCC3=CC=CC=C3,0.59,Active,active,rf_v1
CID-24817254,CC1=CC=C(C=C1)C(=O)C2=C3C=CC=CC3=[N+](N2CCC(=O)N)[O-],0.91,Active,active,rf_v1
CID-24817255,C1=CC2=C(N([N+](=C2C=C1)[O-])CCC(=O)N)C(=O)C3=CC(=C(C(=C3)Cl)N)Cl,0.95,Active,active,rf_v1
CID-24817257,C1=CC2=C(N([N+](=C2C=C1)[O-])CCC(=O)N)C(=O)C3=CC=C(C=C3)Cl,0.97,Active,active,rf_v1
CID-24817263,CC1=CC=C(C=C1)C(=O)C2=C3C=CC(=CC3=[N+](N2CCC(=O)N)[O-])C(F)(F)F,0.86,Active,active,rf_v1
CID-24819855,CC1=CC(=C(C=C1)C)S(=O)(=O)N2CCN(CC2)C(=O)C3=CC(=C(C=C3)N4CCCC4)[N+](=O)[O-],0.67,Active,active,rf_v1
CID-24819986,C1=CC2=C(N([N+](=C2C=C1)[O-])CCC(=O)N)C(=O)C3=CC(=CC=C3)[N+](=O)[O-],0.86,Active,active,rf_v1
CID-24820042,CC1=CC=C(C=C1)NC(=O)CN(C)C(=O)C2=C(N=CC=C2)NC3=CC=CC(=C3)C(F)(F)F,0.78,Active,active,rf_v1
CID-24820087,CC1=CC=C(C=C1)C(=O)C2=C3C=CC(=CC3=[N+](N2CCC(=O)N)[O-])[N+](=O)[O-],0.86,Active,active,rf_v1
CID-54677920,CC1=CC=C(N1)C(=O)OC2C(C(OC(C2OC)(C)C)OC3=C(C4=C(C=C3)C(=C(C(=O)O4)NC(=O)C5=CC(=C(C=C5)O)CC=C(C)C)O)Cl)O,0.71,Active,active,rf_v1
CID-54688584,COC1=CC=C(C=C1)S(=O)(=O)C2=C(C3=C(C=C(C=C3)C(=O)NC4=CC(=CC=C4)F)NC2=O)O,0.78,Active,active,rf_v1
CID-135403580,C1=CC=C(C=C1)C2=C(C(=O)NC(=N2)SCC(=O)NC3=CC=C(C=C3)OC(F)(F)Cl)C#N,0.26,Inactive,active,rf_v1
CID-135435911,C1=CC=C(C=C1)N2C(=O)C3C(C2=O)C(=NC3C4=CC=CC=N4)C5=C(C6=CC=CC=C6C5=O)O,0.79,Active,active,rf_v1
CID-135451179,C1=CC=C2C(=C1)C(=CC3=C(N(C(=O)NC3=O)C4=CC=CC=C4F)O)C=N2,0.72,Active,active,rf_v1
CID-135472652,C1=CC=C2C(=C1)C=CC(=C2C=NNC(=O)C3=CC(=CN=C3)Br)O,0.67,Active,active,rf_v1
CID-135484279,CCN(CC)C1=CC(=C(C=C1)C=NNC(=O)C2=C(N(N=N2)C3=NON=C3N)C(C)C)O,0.21,Inactive,active,rf_v1
CID-135497987,COC1=C(C=CC(=C1)C=NNC(=O)C(=CC2=CC3=C(C=C2)OCO3)NC(=O)C4=CC=CC=C4)O,0.75,Active,active,rf_v1
CID-135531840,CCOC1=CC=C(C=C1)NC(=O)CSC2=NC(=CC(=O)N2)NS(=O)(=O)C3=CC=C(C=C3)C,0.72,Active,active,rf_v1
CID-135684269,CN(C)S(=O)(=O)C1=CC=CC(=C1)NC(=S)NN=CC2=C(C=CC(=C2)Br)O,0.74,Active,active,rf_v1
CID-135693201,C1CN(CCC1C2=NC3=C(C(=O)N2)N=NN3CC4=CC=C(C=C4)OC(F)(F)F)S(=O)(=O)C5=CC=CC=C5F,0.69,Active,active,rf_v1
CID-135845989,C1OC2=C(O1)C=C(C=C2)C=C3C(=O)NC(=NS(=O)(=O)CC4=CC=CC=C4)S3,0.73,Active,active,rf_v1
CID-2870044,CN1C2CCC1C=C(C2)N(CCC3=CNC4=CC=CC=C43)C(=O)C5=CC=C(C=C5)Cl.Cl,0.27,Inactive,inactive,rf_v1
CID-24793488,CN1C2=C(C(=O)N(C1=O)C)N(C(=N2)NCCNC(=O)C3=CC=CO3)CC4=CC=CC=C4F,0.02,Inactive,inactive,rf_v1
CID-4884460,COC1=CC=C(C=C1)CC(=O)OCC(=O)NC(=O)NC23CC4CC(C2)CC(C4)C3,0.02,Inactive,inactive,rf_v1
CID-2976517,CC1=CC=C(C=C1)SC(C)C(=O)NC2=C(C=C3C4=CC=CC=C4OC3=C2)OC,0.28,Inactive,inactive,rf_v1
CID-15945582,CC1=CC=C(C=C1)CNCCC2=CC=CC=C2F.Cl,0.15,Inactive,inactive,rf_v1
CID-5721289,C1C2CC3CC1CC(C2)(C3)CC(=O)NN=CC4=CC=C(O4)[N+](=O)[O-],0.11,Inactive,inactive,rf_v1
CID-2118554,CC(=O)N1CCN(CC1)S(=O)(=O)C2=CC=CC(=C2)C(=O)NC3=CC4=C(CCC4)C=C3,0.07,Inactive,inactive,rf_v1
CID-16190095,CN(CC1=CN(N=C1C2=CC3=C(C=C2)OCO3)C4=CC=CC=C4)CC5=NC=CN5,0.18,Inactive,inactive,rf_v1
CID-1641418,CCCCOC(=O)CSC1=NNC(=O)NC1=O,0.01,Inactive,inactive,rf_v1
CID-135551045,CC1=CC2=C(C=C1)NC3=C2C=NN(C3=O)CC(=O)NC4=CC=CC=C4N5CCN(CC5)C,0.18,Inactive,inactive,rf_v1
CID-2432823,C1=CC(=CC=C1CNC(=O)COC(=O)CCSC2=CC=C(C=C2)Cl)Cl,0.0,Inactive,inactive,rf_v1
CID-4876492,CC1=C(C=CC=C1[N+](=O)[O-])C(=O)NC(CC2=CC=CC=C2)C3=NC4=CC=CC=C4N3,0.16,Inactive,inactive,rf_v1
CID-9584886,CCOC(=O)CC(=NNC(=O)C1CC1(C2=CC=CC=C2)C3=CC=CC=C3)C,0.06,Inactive,inactive,rf_v1
CID-20887348,CC1=NN(C(=O)C2=CC3=CC=CC=C3N12)CC(=O)NCCC4=CC=CS4,0.04,Inactive,inactive,rf_v1
CID-1081718,C1CC2=CC=CC=C2N(C1)C(=O)COC3=CC=CC=C3F,0.07,Inactive,inactive,rf_v1
CID-703119,CCOC1=NC(=NC(=N1)N2CCOCC2)N3CCOCC3,0.0,Inactive,inactive,rf_v1
CID-3327927,C1CC(=O)N(C1C(=O)O)CC2=CC=C(C=C2)F,0.1,Inactive,inactive,rf_v1
CID-902166,C1=CC=C(C=C1)C2=CC3=NN(C(=C3C(=O)O2)N)C4=CC=CC=C4,0.12,Inactive,inactive,rf_v1
CID-6862809,CN(C)C1=CC=C(C=C1)C=NNC(=O)COC2=CC=CC=C2,0.05,Inactive,inactive,rf_v1
CID-9551386,CC(=O)C1=CC(=CC=C1)NC(=O)C2CCCN2S(=O)(=O)C3=CC=CC4=NSN=C43,0.04,Inactive,inactive,rf_v1
CID-649154,COC1=CC(=C(C=C1)OC)NC(=O)CSC2=NN=C(O2)CNC3=CC=C(C=C3)F,0.04,Inactive,inactive,rf_v1
CID-16190763,COC1=CC=CC(=C1)CN2CCN(CC2CCO)C3CCOCC3,0.01,Inactive,inactive,rf_v1
CID-2616375,CC1=CC(=C(C=C1)SCC(=O)NC(=O)NCC2=CC=CO2)C,0.02,Inactive,inactive,rf_v1
CID-3590153,CC1CCCCC1NC(=O)CN2C(=O)C3=C(C2=O)C(=CC=C3)N,0.06,Inactive,inactive,rf_v1
CID-1940119,C1=CC=C(C(=C1)C(=O)NC2=CC=CC(=C2)C(=O)O)NC(=O)C=CC3=CC=CO3,0.46,Inactive,inactive,rf_v1
CID-6273425,COC1=C(C=C(C=C1)C(=O)NC(=CC2=CC=CC=C2F)C(=O)NCCN3CCOCC3)OC,0.07,Inactive,inactive,rf_v1
CID-221125,C1CN2CC3=CCOC(C4C3CC2C15C4NC6=C(C(=O)C(=O)C=C56)[N+](=O)[O-])CC(=O)O,0.06,Inactive,inactive,rf_v1
CID-752678,CC1=CC=C(C=C1)C2=NN(C(=O)C3=CC=CC=C32)CCC(=O)N,0.08,Inactive,inactive,rf_v1
CID-24818867,CC1=CC=CC=C1N2CCN(CC2)C3CCCN(C3)C(=O)CCN4CCCCC4=O,0.1,Inactive,inactive,rf_v1
CID-12005857,CC(C)(C)NC(=O)NC1CC(=O)N(C1)C2=CC=C(C=C2)OC,0.04,Inactive,inactive,rf_v1
CID-7717289,CC1=C(C2=CC=CC=C2N1)C(=O)COC(=O)C3CCC3,0.03,Inactive,inactive,rf_v1
CID-3368161,COC(=O)C1=CC=C(C=C1)OC2=C(C=C(C=C2)S(=O)(=O)N3CCCCC3)N,0.18,Inactive,inactive,rf_v1
CID-1100919,CC1=CC(=O)OC(=C1C(=O)OCC(=O)C2=CC(=C(C=C2)Cl)Cl)C,0.12,Inactive,inactive,rf_v1
CID-15945564,CC1=C(N=C(O1)C2=CC=CC=C2Cl)CN3C(=O)CN=C(C4=CC=CC=C43)C5=CC=CC=C5,0.15,Inactive,inactive,rf_v1
CID-5072669,CC1=CC(=C(C=C1)C)CN2C3=CC=CC=C3C(=C2C(=O)O)C=O,0.17,Inactive,inactive,rf_v1
CID-2841332,C1CN(CCN1CC2=CC=CC=C2)CC(CN3C4=CC=CC=C4C5=CC=CC=C53)O,0.1,Inactive,inactive,rf_v1
CID-2848319,CCN(CC)CCCOC(=O)C(C1CCCCC1)(C2=CC=CC=C2)O,0.05,Inactive,inactive,rf_v1
CID-3584203,CC1=CN2C=C(N=C2C=C1)C3=CC4=C(C=C3)OCC(=O)N4,0.16,Inactive,inactive,rf_v1
CID-4179586,CC1=NC2=C(C(=NN2C(=C1)N3CCOCC3)C)C4=CC=CC=C4OC,0.03,Inactive,inactive,rf_v1
CID-4295387,CCOC(CNC(=O)CN1C2=CC=CC=C2C(=N1)C)OCC,0.05,Inactive,inactive,rf_v1
CID-1378094,C1=CC(=C(C=C1[N+](=O)[O-])C=C2C(=O)N=C(S2)N)Cl,0.28,Inactive,inactive,rf_v1
CID-2976019,CC1=CC2=C(C=C1)N=C(C=C2C(=O)NCCCN3C=CN=C3)C4=CC=CC=C4,0.08,Inactive,inactive,rf_v1
CID-1084303,CCN1C(=C(C=N1)[N+](=O)[O-])C(=O)NC2CCCCC2,0.14,Inactive,inactive,rf_v1
CID-2110403,C1=CC2=C(C=CC=N2)C(=C1)NC(=O)CC3=C(C=CC=C3Cl)F,0.14,Inactive,inactive,rf_v1
CID-2999207,CCOC(=O)NC1=C(C2=C(S1)CC(CC2)C)C#N,0.1,Inactive,inactive,rf_v1
CID-602473,C1=CC=C2C(=C1)C(C3=CC=CC=C3O2)CC(=O)NC4=CC=CC=C4F,0.06,Inactive,inactive,rf_v1
CID-24790145,CCCOC1CCCN(C1)C(=O)C2=CC=C(C=C2)OC3CCN(CC3)CC4=CC=CC=N4,0.16,Inactive,inactive,rf_v1
CID-135459337,C1CC(CN(C1)C(=O)C2=CC=CO2)C3=NC4=C(C(=O)N3)N=NN4CC5=C(C=CC=C5Cl)Cl,0.08,Inactive,inactive,rf_v1
CID-4881913,C1CS(=O)(=O)CC1N(CC2=CC=CC=C2)C(=O)CSC3=NC4=C(N3)C=C(C=N4)Cl,0.07,Inactive,inactive,rf_v1
CID-3539791,CCOCCN1C2=CC=CC=C2C3=NC4=CC=CC=C4N=C31,0.07,Inactive,inactive,rf_v1
CID-1970834,C1CCCC(CC1)N2CNC(=NC2)NC3=NC4=CC=CC=C4S3,0.14,Inactive,inactive,rf_v1
CID-664279,CC1=NC2=C(C(=N1)SCC3=NC4=CC=CC=C4N3)OC5=CC=CC=C52,0.12,Inactive,inactive,rf_v1
CID-5734908,C1=CC(=CC(=C1)[N+](=O)[O-])C(=O)OC2=C(C=C(C=C2)F)C(=O)C=CC3=CC=CS3,0.42,Inactive,inactive,rf_v1
CID-2443194,C1=COC(=C1)C(=O)NCCC(=O)NC2=CC(=C(C=C2)F)Cl,0.07,Inactive,inactive,rf_v1
CID-20912415,CC1=CC(=C(C=C1)C)N2CCN(CC2)C(=O)C3CCCN(C3)C4=NC=NC5=C4N=C6N5CCCCC6,0.1,Inactive,inactive,rf_v1
CID-1088846,C1CN(CCN1C2=CC=C(C=C2)NC(=O)C3=CC=CC=C3F)C(=O)C4=CC=CS4,0.17,Inactive,inactive,rf_v1
CID-579557,C1=CC=C(C=C1)CCNC(=O)C2=CC=CC=C2F,0.06,Inactive,inactive,rf_v1
CID-16682402,CC(=O)C1CCC2C1(CC(C3(C2CCC4=CC(=O)CCC43C)F)O)C,0.03,Inactive,inactive,rf_v1
CID-12005584,CC1=CC=C(C=C1)C#CC[N+]2(CCCCC2)CC#C.[Br-],0.03,Inactive,inactive,rf_v1
CID-951091,C1=CC=C2C(=C1)N=NN2CC(=O)OCC(=O)C3=CC=C(C=C3)F,0.67,Active,inactive,rf_v1
CID-20919769,CCC(C(=O)NCCC1=CC=CO1)N2C(=O)C3=NN(C(=C3C(=N2)C)C)C4=CC=CC=C4,0.08,Inactive,inactive,rf_v1
CID-805384,C1CCC(=CC1)CCNS(=O)(=O)C2=CC=CC=C2[N+](=O)[O-],0.13,Inactive,inactive,rf_v1
CID-1023823,C1=CC=C2C(=C1)C=CC(=C2S(=O)(=O)N)SC3=CC=CC=C3C(=O)O,0.06,Inactive,inactive,rf_v1
CID-2817064,CCOC(=O)CN(C1=CC=CC=C1C)C(=O)COC2=C(C(=CC(=N2)C3=CC=CC=C3)C)C#N,0.06,Inactive,inactive,rf_v1
CID-2121382,C1CC(C1)C(=O)OCC(=O)NC2=CC=CC=C2SC3=CC=CC=C3,0.02,Inactive,inactive,rf_v1
CID-16188468,CC1=NN(C=C1CN2CCC(CC2)(CC3=CC(=CC=C3)OC)CO)C,0.03,Inactive,inactive,rf_v1
CID-2453610,CC1=C(C(=O)N(N1C)C2=CC=CC=C2)NC3=CC=C(C=C3)C=O,0.12,Inactive,inactive,rf_v1
CID-6603633,CN=C1C2=CC3=C(N2CCN1C)C=CC(=C3Br)OC.Cl,0.16,Inactive,inactive,rf_v1
CID-4880848,CC1=NN=C(S1)SCC(=O)NC2=C(C3=C(S2)CCCC3)C(=O)C4=CC=CC=C4,0.03,Inactive,inactive,rf_v1
CID-2923449,CC1CCCN(C1)CCCOC2=CC=C(C=C2)OC,0.01,Inactive,inactive,rf_v1
CID-2201386,C1=CC=C(C(=C1)C(=O)O)NC(=O)C(=CC2=C(C=C(C=C2)Cl)Cl)NC(=O)C3=CC=CO3,0.14,Inactive,inactive,rf_v1
CID-649628,CCOC(=O)C1=CC=C(C=C1)NC2C3=CC=CC=C3C(=O)O2,0.07,Inactive,inactive,rf_v1
CID-5157220,C1CN(CCN1C2=CC=CC=C2)C(=O)COC(=O)CNS(=O)(=O)C3=C(C=CC=C3Cl)Cl,0.09,Inactive,inactive,rf_v1
CID-3177514,C1CCC(CC1)NC(=O)C(C2=CC=C(C=C2)F)N(CC3=CN=CC=C3)C(=O)C4=C(C(=NS4)C(=O)N)N,0.05,Inactive,inactive,rf_v1
CID-2255407,C1=CC=C(C=C1)C(=O)C=CNC2=CC(=CC=C2)O,0.05,Inactive,inactive,rf_v1
CID-2405941,CCOC1=C(C=CC=N1)C(=O)OCC(=O)NC2=CC=C(C=C2)C3=NC4=C(S3)C=C(C=C4)C,0.07,Inactive,inactive,rf_v1
CID-859476,CC1=C2C=C(C3=NN=C(N3C2=C(C=C1)C)SCC4=CC=CC=N4)C,0.07,Inactive,inactive,rf_v1
CID-688698,CC1=CC(=C(C=C1)O)C(=O)C2=CN(N=C2)C3=CC=CC=C3,0.15,Inactive,inactive,rf_v1
CID-3211246,CC1=CC=C(C=C1)C(C(=O)NC2CCCCC2)N(CC3CCCO3)C(=O)CNC(=O)C4=CC=CS4,0.07,Inactive,inactive,rf_v1
CID-1097181,COC1=CC=C(C=C1)C2(CCCC2)CNC(=O)CC3=CC(=C(C=C3)OC)OC,0.0,Inactive,inactive,rf_v1
CID-9551106,C1CCN(C1)C(=O)CSC2=NC3=C(C=CC(=C3)C(=O)NCC4CCCO4)C(=O)N2CC5=CC=CO5,0.04,Inactive,inactive,rf_v1
CID-5332602,C1OC2=C(O1)C=C(C(=C2)C=NNC(=O)CC3=CC=CC=C3)Cl,0.06,Inactive,inactive,rf_v1
CID-893997,CC1=NC2=C(N1C)C=CC(=C2)NC(=O)NC3=CC=C(C=C3)C(=O)OC,0.16,Inactive,inactive,rf_v1
CID-2265973,C1=CC(=CC=C1NC(=O)CSC2=NC=NN2)S(=O)(=O)N,0.01,Inactive,inactive,rf_v1
CID-16188778,CC1=CC(=NO1)C2=NN=C(O2)CCC(=O)NC(C)C3=CC=C(C=C3)OC,0.01,Inactive,inactive,rf_v1
CID-4795863,CN(C1=CC=CC=N1)C(=O)C2=CC3=CC=CC=C3C=C2,0.02,Inactive,inactive,rf_v1
CID-2745325,CCOC(=O)C1=NOC(=C1)C2=CSC(=N2)C3=CC=C(C=C3)C(F)(F)F,0.18,Inactive,inactive,rf_v1
CID-5307617,CC1=NN(C(=C1)C(=O)N2CCOCC2)C3=CC=CC=C3,0.06,Inactive,inactive,rf_v1
CID-9679620,CCN1C(=NC2=C1C=CC(=C2)C(=O)NN=C(C)C3=CC=C(C=C3)N4CCOCC4)C,0.13,Inactive,inactive,rf_v1
CID-654257,CCOC1=CC=C(C=C1)N2CC(CC2=O)C(=O)NC(C)C,0.01,Inactive,inactive,rf_v1
CID-698158,CC1=CC=C(C=C1)OCC(=O)NC2=NC(=C(S2)C(=O)OC)C,0.09,Inactive,inactive,rf_v1
CID-2842888,C1=CC(=C(C=C1Cl)Cl)OCCCC(=O)NCCCN2C=CN=C2,0.07,Inactive,inactive,rf_v1
CID-22860,C1=CC=C(C=C1)COC2=CC=C(C=C2)N,0.01,Inactive,inactive,rf_v1
CID-2712501,C1=CC=C(C=C1)CC2=NN=C(O2)SCC3=CC=C(C=C3)[N+](=O)[O-],0.09,Inactive,inactive,rf_v1
CID-2932192,CC1CCC2=C(C1)SC(=C2C(=O)N)NC(=O)C3C4=CC=CC=C4OC5=CC=CC=C35,0.3,Inactive,inactive,rf_v1
CID-753151,CCCC1=CC(=O)N2C(=N1)C(=C(N2)C)C3=CC=C(C=C3)Cl,0.06,Inactive,inactive,rf_v1
CID-2988057,CN1C2=C(C=C(C=C2)NC(=O)C3=CC(=CC=C3)OC)N(C1=O)C,0.07,Inactive,inactive,rf_v1
CID-3433421,CC1=C(C(N2C(=NC(=N2)CCCO)N1)C3=CC(=CC=C3)O)C(=O)N,0.02,Inactive,inactive,rf_v1
CID-874752,CCOC1=CC=CC=C1N(CC(=O)OC)S(=O)(=O)C2=CC=CC=C2,0.06,Inactive,inactive,rf_v1
CID-3241788,CC(=O)N1CCCC2=C1C=CC(=C2)S(=O)(=O)N3CCC4=CC=CC=C4C3,0.03,Inactive,inactive,rf_v1
CID-2169966,COC1=CC=CC(=C1)C(=O)NC2=C(C(=C(C(=C2F)F)F)F)F,0.04,Inactive,inactive,rf_v1
CID-3236941,CC(C)C(=O)N(C1CS(=O)(=O)C=C1)C2=CC=C(C=C2)F,0.16,Inactive,inactive,rf_v1
CID-3235817,C1CCC(CC1)N2C(=O)C3=C(C2=O)N=CC=C3,0.01,Inactive,inactive,rf_v1
CID-5308062,CN1C2=C(C=C(S2)C(=O)N3CCN(CC3)C(=O)C4=CC=CO4)C(=N1)C5=CC=C(C=C5)Cl,0.14,Inactive,inactive,rf_v1
CID-17538322,CSCCC(C(=O)N1CCN(CC1)C(C2=CC=CC=C2)C3=CC=CC=C3)NC(=O)C4=CC=CC=C4,0.23,Inactive,inactive,rf_v1
CID-4688869,CC1=CC2=C(C=C1C)N(C=N2)C3CC(=O)N(C3=O)CC4=CC=C(C=C4)N5CCCC5=O,0.07,Inactive,inactive,rf_v1
CID-6293661,CC(=C(C#N)C(=O)COC(=O)C1=CC(=NC2=CC=CC=C21)C3=CC=C(C=C3)Br)N,0.1,Inactive,inactive,rf_v1
CID-5961104,CN(C)C1=C(N=C(O1)C=CC2=CC=CC=C2)C#N,0.14,Inactive,inactive,rf_v1
CID-1160357,CN1C=C(C(=N1)C(=O)NC2=CC=C(C=C2)C3=NC4=CC=CC=C4O3)[N+](=O)[O-],0.23,Inactive,inactive,rf_v1
CID-5990906,CN(C)S(=O)(=O)C1=CC(=C(C=C1)Cl)NC(=O)COC(=O)C=CC2=CC=C(C=C2)OC,0.09,Inactive,inactive,rf_v1
CID-2214229,CCN1C(=NN=C1SCC(=O)NC2=C(C=CC(=C2)Cl)C)CNC(=O)C3=CC=CS3,0.03,Inactive,inactive,rf_v1
CID-6469819,CCOC(=O)C1=CC=C(C=C1)NC(=O)CN2CCN(CC2)C(=O)C3=CC=CO3,0.01,Inactive,inactive,rf_v1
CID-779609,C1=CC=C(C=C1)NC(=O)CC2=CC=CS2,0.01,Inactive,inactive,rf_v1
CID-3517796,CCN(CC)S(=O)(=O)C1=CC(=C(C=C1)N2CCCC2)NC(=O)CC(C)(C)C,0.01,Inactive,inactive,rf_v1
CID-974663,CCOC1=CC=CC=C1N2C(=CC(=C2C)C=O)C,0.06,Inactive,inactive,rf_v1
CID-24818721,CC1=CC(=C(C=C1)OC)NC(=O)NC2CCCCCCC2,0.06,Inactive,inactive,rf_v1
CID-4555418,CCC(C)N1C(=O)C2=CC=CC=C2N=C1SCC(=O)NC(=O)C3=CC=CN3C,0.05,Inactive,inactive,rf_v1
CID-4322148,C1=CC=C(C=C1)C(=O)NNC2=NC3=CC=CC=C3N=C2C(F)(F)F,0.08,Inactive,inactive,rf_v1
CID-20888882,CC1=CC=C(C=C1)S(=O)(=O)C2=C(SC(=N2)S(=O)(=O)CCO)N3CCOCC3,0.07,Inactive,inactive,rf_v1
CID-9559888,CN1C2=CC=CC=C2C(=C1N3CCOCC3)C=NOC(=O)C4=C(N=CC=C4)Cl,0.11,Inactive,inactive,rf_v1
CID-9551852,CCN(CC)CCN1C2=CC=CC=C2N=C1NCC3=CC=CO3.Cl,0.02,Inactive,inactive,rf_v1
CID-5308080,CC(=O)N1CCC2=C1C=CC(=C2)C(=O)CN3CCN(CC3)C4=CC=CC=C4F,0.13,Inactive,inactive,rf_v1
CID-4613965,COC1=CC=CC(=C1)C2CC(N3C(=NC(=N3)N)N2)C4=C(C=CC=C4Cl)Cl,0.03,Inactive,inactive,rf_v1
CID-707054,CN1C2=C(CN(CN2)CCN3CCNCC3)C(=O)N(C1=O)C,0.03,Inactive,inactive,rf_v1
CID-2185058,CCN1C2=C(C=C(C=C2)NC(=O)C(=O)N3CCOCC3)C4=CC=CC=C41,0.04,Inactive,inactive,rf_v1
CID-3164231,CC1=CC(=NO1)NC(=O)COC(=O)CCS(=O)(=O)C2=CC=C(C=C2)Cl,0.17,Inactive,inactive,rf_v1
CID-6902504,CC1=CC(=NC(=N1)SCC2=CC=C(C=C2)C(=O)NN=CC3=CC=CC=N3)C,0.01,Inactive,inactive,rf_v1
CID-4831314,CC(C(=O)NC1=C(C=CC(=C1)[N+](=O)[O-])Cl)N2CCN(CC2)C3=CC=C(C=C3)O,0.12,Inactive,inactive,rf_v1
CID-16195594,CC1CCN(CC1)S(=O)(=O)C2=CC3=C(C=C2)N=C(C=C3C(=O)NCCN(C)CC4=CC=CC=C4)C5=CC=CC=N5,0.04,Inactive,inactive,rf_v1
CID-3649375,C1=COC(=C1)C2=CC(=NN2)C(=O)NN,0.06,Inactive,inactive,rf_v1
CID-776480,C1C2=C(NN=C2C3=CC=CC=C3O1)C(=O)O,0.07,Inactive,inactive,rf_v1
CID-24789567,C1CCN(C1)C2=NN3C(=N)C(=CC4=CC=C(C=C4)OC(=O)C5=CC=C(C=C5)F)C(=O)N=C3S2,0.13,Inactive,inactive,rf_v1
CID-2904165,CCOC(=O)C1CCCN(C1)C(=O)C2=CC=CC=C2[N+](=O)[O-],0.04,Inactive,inactive,rf_v1
CID-3237196,CC1CCC2=C(C1)SC=C2C(=O)NCCCN3CCOCC3,0.04,Inactive,inactive,rf_v1
CID-1377897,COC1=CC(=C(C=C1)OC)C(=O)C2=CC=C(C=C2)C(=O)NC3=CC4=CC=CC=C4C=C3,0.32,Inactive,inactive,rf_v1
CID-1429549,CCCC1=NC2=NC=NN2C(=C1)NC3=CC=CC=C3,0.02,Inactive,inactive,rf_v1
CID-16190988,COC1=CC=CC(=C1)CNC(=O)CCC2CCCN(C2)C(=O)C3=NNC(=C3)C4CC4,0.08,Inactive,inactive,rf_v1
CID-1034248,C1=CC=C(C=C1)C2=NC3=C(C=C(C=C3)C(=O)NC4=CC=CC=N4)N=C2C5=CC=CC=C5,0.25,Inactive,inactive,rf_v1
CID-732509,CC1=NN(C(=C1)NC(=O)C2=CC=CC=C2)C3=CC=CC=C3,0.17,Inactive,inactive,rf_v1
CID-4591389,CC1=C(C(=O)N(N1C)C2=CC=CC=C2)NC(=O)C(C)OC(=O)C3=C4CCCC4=NC5=CC=CC=C53,0.11,Inactive,inactive,rf_v1
CID-900782,C1=CC=C(C=C1)CC(=O)NC2=CC=CC=C2SC3=CC=CC=C3,0.05,Inactive,inactive,rf_v1
CID-20881414,CC1=CC=C(C=C1)NC(=O)CCC2=NN=C3N2N=C(C=C3)N4CCN(CC4)C5=CC=C(C=C5)OC,0.35,Inactive,inactive,rf_v1
CID-1487352,C1=CC=C(C=C1)C2=NC3=C(C=C(C=C3)Br)C(=O)N2O,0.1,Inactive,inactive,rf_v1
CID-2100977,C1CC(=NC1)NCC2=CC=CC=N2,0.01,Inactive,inactive,rf_v1
CID-856931,CC1=CC=C(C=C1)S(=O)(=O)N2CCN(CC2)S(=O)(=O)C,0.06,Inactive,inactive,rf_v1
CID-752334,CCNC1=NC(=NC(=N1)OC2=CC=C(C=C2)C(=O)OC)N(C)C,0.06,Inactive,inactive,rf_v1
CID-825255,CC1=CC(=C(C(=S)N1C2=CC=C(C=C2)OC)C(=O)C)C,0.11,Inactive,inactive,rf_v1
CID-5389040,CCC(C(=O)OCC)SC1=NC2=C(N1CC=C(C)Cl)C(=O)NC(=O)N2C,0.04,Inactive,inactive,rf_v1
CID-16241107,CN1CCCC(C1)OC(=O)C2=CC(=C(C(=C2F)F)F)F.Cl,0.02,Inactive,inactive,rf_v1
CID-5389043,CCCCOC(=O)CSC1=NC2=C(N1CC=C(C)Cl)C(=O)NC(=O)N2C,0.03,Inactive,inactive,rf_v1
CID-2944268,CCC(=O)N1CCN(CC1)C2=CC=CC=C2NC(=O)COC3=C(C=CC(=C3)C)C(C)C,0.17,Inactive,inactive,rf_v1
CID-4440860,CC1(CC(C2=CC=CC=C2N1C(=O)N)(C)C3=CC=CC=C3)C,0.09,Inactive,inactive,rf_v1
CID-2349778,C1CC(=O)N(C1)CCCNC(=S)NC2=CC=CC=C2Cl,0.11,Inactive,inactive,rf_v1
CID-54680134,CCN1C2=CC=CC=C2C(=C(C1=O)C(=O)NN3C(=NC4=CC=CC=C4C3=O)C)O,0.1,Inactive,inactive,rf_v1
CID-1112410,CCS(=O)(=O)C1=CC(=C(C=C1)O)NC(=O)COC2=CC=C(C=C2)Cl,0.07,Inactive,inactive,rf_v1
CID-3315441,CC(C(=O)N)OC(=O)C1=C(C=CC(=C1)S(=O)(=O)N2CCCCCC2)OC,0.09,Inactive,inactive,rf_v1
CID-652930,CC1=CC=CC=C1NC(=O)CN2N=C(N=N2)C3=CC=C(C=C3)N4CCOCC4,0.1,Inactive,inactive,rf_v1
CID-952393,C1COCCN1C2=C(C=CC=C2Cl)N,0.06,Inactive,inactive,rf_v1
CID-801348,CC(=O)NN1C=C2C(=C1C3=CC=CC=C3)C(=O)N(C(=O)N2C)C,0.04,Inactive,inactive,rf_v1
CID-2767957,CSC1=CC(=C(S1)C(=O)N2CCCC2)C3=CC=C(C=C3)Cl,0.05,Inactive,inactive,rf_v1
CID-5729182,CCN(CC)C(=O)C(=CC1=CC=C(C=C1)Br)NC(=O)C2=CC=CC=C2OC,0.13,Inactive,inactive,rf_v1
CID-3245981,COC1=C(C=C(C=C1)CCNC(=O)C2=NOC(=C2)C3=CC4=C(C=C3)OCO4)OC,0.05,Inactive,inactive,rf_v1
CID-2058458,CC1=C(C=C(C=C1)CC2=CC(=CN=C2)O)S(=O)(=O)O,0.07,Inactive,inactive,rf_v1
CID-3550183,CC1=CC=C(C=C1)C2=NN(C(=O)C=C2)CCC(=O)NCCOC,0.05,Inactive,inactive,rf_v1
CID-8016699,COC1=C(C(=C(C2=C1C(=O)C=C(O2)C3=CC=CC=C3)O)O)OC,0.05,Inactive,inactive,rf_v1
CID-2727516,C1CCC(C1)NC(=S)NNC(=O)CC#N,0.03,Inactive,inactive,rf_v1
CID-4830865,CCC(C1=NN=C(N1C2CCCCC2)SCC(=O)NC3=CC=C(C=C3)C(=O)C)N(C)C,0.03,Inactive,inactive,rf_v1
CID-6603380,CCCN1C2=CC=CC=C2N(C1=N)CC(C3=CC=CO3)O.Cl,0.13,Inactive,inactive,rf_v1
CID-2953451,CS(=O)(=O)N(CCC1=CC=CC=C1)CC(=O)N2CCN(CC2)CC3=CC4=C(C=C3)OCO4,0.06,Inactive,inactive,rf_v1
CID-3555113,COC1=CC=C(C=C1)NC(=S)NC2=CC(=C(C=C2)N)[N+](=O)[O-],0.06,Inactive,inactive,rf_v1
CID-2527216,COC1=CC(=CC(=C1OC)OC)C(=O)OCC(=O)NC2=C(C=CS2)C(=O)N,0.11,Inactive,inactive,rf_v1
CID-6901077,CC1=C(SC(=N1)C)C(=O)NN=CC2=CN(C3=CC=CC=C32)C(=O)C,0.11,Inactive,inactive,rf_v1
CID-1451520,C1CC(C1)C(=O)NC2=NN=C(S2)CC3=CC=CC=C3,0.04,Inactive,inactive,rf_v1
CID-455264,CC(C)C1=C(C(=C2C(=C1)C3CC4C2(CCCC4(C)C)C(=O)O3)O)O,0.09,Inactive,inactive,rf_v1
CID-16196469,CCC(C)C(C1=CN(N=N1)C(CC2=CC=C(C=C2)O)C(=O)N3CCN(CC3)C4=NC(=NC(=N4)NCCOCCOCCOCC#C)N5CCN(CC5)C(=O)C(CC6=CC7=CC=CC=C7N6)N8C=C(N=N8)C(C(C)CC)N)N.Cl,0.07,Inactive,inactive,rf_v1
CID-9557304,CC(=NNC(=O)C1=CC=CC=C1O)CN2C=NC(=N2)[N+](=O)[O-],0.05,Inactive,inactive,rf_v1
CID-3683814,C1=CC(=CC=C1C2=CN=NN2C3=CC=C(C=C3)N)Cl,0.06,Inactive,inactive,rf_v1
CID-788269,CC1=CC2=C(C=C1)OC(=N2)NC3=NC(=CC(=N3)C)C,0.07,Inactive,inactive,rf_v1
CID-2930384,CC1=CC=CN2C1=NC3=C(C2=O)C=C(C(=N)N3CCOC)C(=O)NCCC4=CC=CC=C4,0.05,Inactive,inactive,rf_v1
CID-56642968,CCCC(=NS(=O)(=O)C1=CC=C(C=C1)N=NN(C)C)[O-].[K+],0.05,Inactive,inactive,rf_v1
CID-135410602,C1=CC=C(C=C1)C2=C(C(=O)NC(=N2)SCC3=CC=C(C=C3)[N+](=O)[O-])C#N,0.04,Inactive,inactive,rf_v1
CID-16022670,CC1=CC=C(C=C1)N2C(=C3C(=NN(C(=O)C3=N2)CCCC(=O)NCCC4=CC=CC=C4)C)C,0.08,Inactive,inactive,rf_v1
CID-662274,CC1=NN(C2=C1C(SCC(=O)N2)C3=CC4=C(C=C3)OCO4)C5CCOC(C5)(C)C,0.11,Inactive,inactive,rf_v1
CID-16194768,CC1=CC2=C(C=C1)N=C(S2)N(CCCN(C)C)C(=O)C3=CC=CO3.Cl,0.03,Inactive,inactive,rf_v1
CID-666596,CC1=CC(=NC(=N1)SCC(=O)NC2=NC=C3C(=N2)CC(CC3=O)(C)C)C,0.01,Inactive,inactive,rf_v1
CID-4357362,CC1CC(CN(C1)C(=O)C2=CC3=C(O2)N=C4C=CC(=CC4=C3)OC)C,0.06,Inactive,inactive,rf_v1
CID-2978941,COC(=O)C1=CC=CC=C1NC(=O)CN2CCC3=CC=CC=C3C2,0.15,Inactive,inactive,rf_v1
CID-4253388,CCC1=NC2=CC3=C(C=C2S1)N=C(S3)CC,0.02,Inactive,inactive,rf_v1
CID-1473617,CCOC(=O)C1=C(OC(=O)C(=C1)NC(=O)C2=CC=C(C=C2)Cl)C3=CC=CC=C3,0.13,Inactive,inactive,rf_v1
CID-853113,CN(C)C(=O)COC1=CC2=C(C=C1)C(=CC(=O)O2)C3=CC=CC=C3,0.11,Inactive,inactive,rf_v1
CID-6363411,CC1=CC=C(C=C1)NC(=O)CNC2=CC=C(C=C2)S(=O)(=O)N=C3N(C=CS3)CC(=O)N,0.18,Inactive,inactive,rf_v1
CID-5984029,CC(C(=O)NC1=CC=C(C=C1)NC(=O)C)OC(=O)C=CC2=NC3=CC=CC=C3N=C2,0.24,Inactive,inactive,rf_v1
CID-2972934,CC1=CC=C(C=C1)S(=O)(=O)NC2=CC3=C(C=C2)N(C(=O)N3C)C,0.13,Inactive,inactive,rf_v1
CID-748751,COC1=CC=C(C=C1)CNC(=O)COC2=CC=C(C=C2)OC,0.0,Inactive,inactive,rf_v1
CID-16187555,CC1=CN=C(C(=N1)N2CCN(CC2)CC3=C(OC(=N3)C4=C(C(=CC=C4)F)F)C)C,0.11,Inactive,inactive,rf_v1
CID-1351137,CCOC1=CC=CC=C1N(C(=O)C)S(=O)(=O)C2=CC=C(C=C2)Cl,0.07,Inactive,inactive,rf_v1
CID-5450733,C1CCN(CC1)CC2=C(C=CC3=C2OC=C(C3=O)C4=CC=CC=C4Cl)O,0.04,Inactive,inactive,rf_v1
CID-135402055,CC1=CC(=O)NC(=N1)N,0.04,Inactive,inactive,rf_v1
CID-5052216,CCC(C)(C1=NN=NN1C2=C(C=CC=C2C)C)N=CC3=CC=CC=C3,0.18,Inactive,inactive,rf_v1
CID-4189196,C1CC2C(C(C1O2)C(=O)NC3=CC=C(C=C3)O)C(=O)O,0.06,Inactive,inactive,rf_v1
CID-903616,CC1=C(C(=O)N(N1C)C2=CC=CC=C2)NC(=O)CC(C)C,0.04,Inactive,inactive,rf_v1
CID-24820009,CCOC(=O)C1=C(NC(=O)NC1C)COC(=O)C=CC2=CC=C(C=C2)Cl,0.07,Inactive,inactive,rf_v1
CID-5433753,CC1=NN(C(=C1Br)C(=O)NN=C(C)C2=CC(=CC=C2)NC(=O)C3=CC=CC=C3F)C,0.19,Inactive,inactive,rf_v1
CID-1155576,CCC1=NN=C(S1)NC(=O)CSC2=NC(=NC3=CC=CC=C32)C4=CC=CC=C4,0.03,Inactive,inactive,rf_v1
CID-16192439,C1CN(C(C(=O)N1)CC(=O)NCCC2=CC=NC=C2)CC3=CC(=CC=C3)OC4=CC=CC=C4,0.06,Inactive,inactive,rf_v1
CID-3242416,CC1=CC=CC=C1N2C(=O)C=C(NC2=O)N3CCC4(CC3)OCCO4,0.21,Inactive,inactive,rf_v1
CID-20908995,CC1=CC2=C(C=C1)OC3=C(C=CC=N3)C(=O)N2CC(=O)NCCCC4=CC=CC=C4,0.09,Inactive,inactive,rf_v1
CID-6065517,CC(C)NC(=O)CC(=O)NN=CC1=CC=CS1,0.01,Inactive,inactive,rf_v1
CID-662300,CC1=CC=C(C=C1)S(=O)(=O)N2CCC(CC2)C(=O)NC(CCSC)C(=O)NCC3=CC=CO3,0.09,Inactive,inactive,rf_v1
CID-2818653,COC1=C(C=C2C(=C1)CCN=C2C3=CC=CC=C3N)OC,0.01,Inactive,inactive,rf_v1
CID-1386229,CC1(CC2=C(CO1)C(=NC3=C2C(=C(S3)C(=O)NC4=CC=C(C=C4)Cl)N)N5CCOCC5)C,0.1,Inactive,inactive,rf_v1
CID-766932,CC1=CC(=C(C(=C1)C)S(=O)(=O)N2CCCC2=O)C,0.06,Inactive,inactive,rf_v1
CID-3240227,COC1=CC=CC(=C1)N2C(=O)C3=CC=CC=C3C(=N2)C(=O)O,0.05,Inactive,inactive,rf_v1
CID-3158965,CC1(CC2=C(C(C(=C(O2)N)C(=O)OC)C3=CC=CC=C3OCC#N)C(=O)C1)C,0.12,Inactive,inactive,rf_v1
CID-2810732,CC(=O)NC1=C(C=C(C=C1)S(=O)(=O)NCCN2CCNC2=O)Cl,0.08,Inactive,inactive,rf_v1
CID-2064002,CC1=CC(=C(O1)C)C(=O)NCCCC(=O)O,0.06,Inactive,inactive,rf_v1
CID-1298674,C1CN(CCN1C2=CC=C(C=C2)F)C(=O)C3=CC(=CC=C3)S(=O)(=O)N4CCOCC4,0.07,Inactive,inactive,rf_v1
CID-3362952,C1=CC=C(C(=C1)C(=O)OCC(=O)NC2=C(N=CC=C2)Cl)O,0.05,Inactive,inactive,rf_v1
CID-6473678,CC1(CC(CC(N1)(C)C)NS(=O)(=O)C2=CC=CC3=CC=CC=C32)C,0.14,Inactive,inactive,rf_v1
CID-289926,C1=CC2=C(N=C1)SC=C2Br,0.2,Inactive,inactive,rf_v1
CID-652429,C1CCC(C1)NC(=O)C(C2=CC=C(C=C2)N3CCOCC3)N(CC4=CC=CO4)C(=O)C5=CC=CO5,0.06,Inactive,inactive,rf_v1
CID-2546768,CC1=CC2=C(C=C1C)N(C=N2)C3=NN=NN3C4=CC=CC=C4,0.03,Inactive,inactive,rf_v1
CID-2422683,CCN(C1=CC=CC=C1)C(=S)NC2=CC=CC(=C2)C,0.11,Inactive,inactive,rf_v1
CID-2422444,C1=CC=C(C=C1)CCCNS(=O)(=O)C2=CC(=C(C=C2)F)F,0.07,Inactive,inactive,rf_v1
CID-9593474,C1=CC=C(C=C1)CCNC(=O)C(=O)NN=CC2=CC=CC=C2C(F)(F)F,0.03,Inactive,inactive,rf_v1
CID-3241439,CCOC1=CC=C(C=C1)C2C(C3=CC=CC=C3C(=O)N2CCN4CCOCC4)C(=O)O,0.04,Inactive,inactive,rf_v1
CID-2545985,CCN(CC)S(=O)(=O)C1=CC=CC(=C1)C(=O)OCC2=CC(=O)N3C(=N2)SC(=N3)C,0.08,Inactive,inactive,rf_v1
CID-2945940,C1C2CC3CC1CC(C2)(C3)C(=O)OC4=CC=C(C=C4)O,0.13,Inactive,inactive,rf_v1
CID-22422668,CCCCN(C)CCCNC(=O)C1=CC(=NC2=CC=CC=C21)C3=CC=CS3,0.04,Inactive,inactive,rf_v1
CID-4888074,CC1=CC(=NC(=N1)SCCN2C3=C(N=C2N(C)CC4=CC=CC=C4)N(C(=O)N(C3=O)C)C)C,0.03,Inactive,inactive,rf_v1
CID-1259098,COC1=CC(=C(C=C1)OC)N2C(=NNC2=S)C3=NNC(=C3)C4=CC=CS4,0.14,Inactive,inactive,rf_v1
CID-16192654,CN1C(=NN=N1)SCCNCC2=C(C(=C(C=C2)OC)OC)OC.Cl,0.02,Inactive,inactive,rf_v1
CID-1081023,CN1C(=NN=N1)SCC(=O)N2C3=CC=CC=C3CCC4=CC=CC=C42,0.09,Inactive,inactive,rf_v1
CID-4891510,CC1=C(C2=NC3=CC=CC=C3N2C=C1C(=O)NC4=CC=C(C=C4)F)C#N,0.11,Inactive,inactive,rf_v1
CID-1215212,CCOC(=O)C1=C(C=C(S1)NC(=O)C)C,0.04,Inactive,inactive,rf_v1
CID-655870,COC1=CC=C(C=C1)NCC2=NN=C(O2)SCC(=O)NC3=C(C=CC(=C3)C(F)(F)F)Cl,0.09,Inactive,inactive,rf_v1
CID-20904692,CCCN1C(=O)C2=C(C=CS2)N3C1=NN=C3CCCC(=O)NCC4=CN=CC=C4,0.04,Inactive,inactive,rf_v1
CID-2443439,CCCN(CC1CC1)C(=O)CSC2=NN=C(N2N)C3=CC=CO3,0.01,Inactive,inactive,rf_v1
CID-658324,CC1(C2C(NC(=O)NC2(NC(=O)N1)C)(C)C)C,0.01,Inactive,inactive,rf_v1
CID-1537496,COC(=O)CC1=CSC(=N1)NC2=CC=C(C=C2)Cl,0.22,Inactive,inactive,rf_v1
CID-1180036,C1COCCN1C2=NSN=C2OC(=O)N(C3=CC=CC=C3)C4=CC=CC=C4,0.07,Inactive,inactive,rf_v1
CID-2806145,CC1=C(SC(=N1)C2=C(C=C(C=C2)F)F)C(=O)C,0.01,Inactive,inactive,rf_v1
CID-9670214,CC(=NNC(=O)C1=CC=C(C=C1)Cl)C2=CN=CC=C2,0.11,Inactive,inactive,rf_v1
CID-1911927,C1OC2=C(O1)C=C(C=C2)N3C(=C(C4=NC5=CC=CC=C5N=C43)C(=O)NCC6=CC=CC=C6)N,0.08,Inactive,inactive,rf_v1
CID-651661,CC1=CC(=O)N(C=C1)CC(=O)O,0.02,Inactive,inactive,rf_v1
CID-1097626,C1=CC2=C(C=C1S(=O)(=O)N(CCCl)CCCl)C(=CN2)C(=O)O,0.13,Inactive,inactive,rf_v1
CID-4965683,CC1=C(C(=O)OC2=C1C=CC(=C2C)OC)CCC(=O)NCCCN3CCCC3=O,0.05,Inactive,inactive,rf_v1
CID-135476870,CCCN1C2=CC=CC=C2N=C1N=CC3=CC=CC=C3O,0.03,Inactive,inactive,rf_v1
CID-3238613,COC(=O)CCC(C(=O)O)N1C(=O)C2=CC=CC=C2C1=O,0.1,Inactive,inactive,rf_v1
CID-1473292,C1=CC=C(C=C1)SC2=NC(=NC(=C2)C(F)(F)F)C3=CC=CC=N3,0.06,Inactive,inactive,rf_v1
CID-3196620,COC1=CC(=C(C=C1)N(C(C2=CC=CS2)C(=O)NC3CCCC3)C(=O)C4=CC=CO4)OC,0.02,Inactive,inactive,rf_v1
CID-9551671,CN1C2=C(C=C(C=C2)S(=O)(=O)N3CCN(CC3)C4=CC=C(C=C4)F)N(C(=O)C1=O)C,0.02,Inactive,inactive,rf_v1
CID-2569435,CN(C)CCCN(CC1=CC=CC=C1)C(=S)NC2=CC(=C(C=C2)F)Cl,0.09,Inactive,inactive,rf_v1
CID-7285295,CC1=CC=C(C=C1)C2=NC(=C(C=C2)C(=O)O)C,0.04,Inactive,inactive,rf_v1
CID-2317998,CC1=CC(=CC(=C1)C2=NOC(=C2)C(C)(C)C3=CC=CC=C3NC)C,0.04,Inactive,inactive,rf_v1
CID-20858792,CC1=C(C(=NN1)C)S(=O)(=O)N(CC(=O)NC2=CC=C(C=C2)Cl)C3=CC=C(C=C3)OC,0.17,Inactive,inactive,rf_v1
CID-3237087,COC1=C(C=C(C=C1)C2=CC(=NO2)C(=O)NCC3=CC=CC=C3)OC,0.03,Inactive,inactive,rf_v1
CID-16189515,COC1=CC=CC(=C1CN2CCCC(C2)C(=O)C3=CC(=CC=C3)C(F)(F)F)O,0.02,Inactive,inactive,rf_v1
CID-16197232,C1CCC(CC1)CN2C(CNC2=S)CCCCN,0.08,Inactive,inactive,rf_v1
CID-5309367,CSC1=CC=CC(=C1)NC(=O)C2CCCN(C2)S(=O)(=O)C3=CN=CN3,0.03,Inactive,inactive,rf_v1
CID-17582182,COC1=CC=C(C=C1)C2=NNC3=C2CN(CC3)C(=O)C4=CC=C(C=C4)F,0.07,Inactive,inactive,rf_v1
CID-1471776,C1=CC=C(C=C1)CNC2=NC(=NC(=C2)CS(=O)(=O)C3=CC=CC=C3)C4=CC=CC=N4,0.08,Inactive,inactive,rf_v1
CID-644772,CC1=NON=C1NC(=O)CSC2=NN=C(C=C2)C3=CC=CC=C3,0.04,Inactive,inactive,rf_v1
CID-9615898,CC(=NNC(=O)C1=C(C=CC(=C1)Br)O)C2=CC=CS2,0.47,Inactive,inactive,rf_v1
CID-4686479,CCCC(=O)NC(C)C1=NC2=CC=CC=C2N1CC,0.02,Inactive,inactive,rf_v1
CID-2416106,CC(C)(C)NC(=O)NC(=O)COC(=O)C1=CC=C(C=C1)OC(F)(F)F,0.04,Inactive,inactive,rf_v1
CID-5343148,CC1=CC=C(O1)C=NNC(=O)CN2C=NC3=CC=CC=C32,0.27,Inactive,inactive,rf_v1
CID-972315,CC(=O)C1=CC=C(C=C1)NC(=S)N2CCC(CC2)O,0.05,Inactive,inactive,rf_v1
CID-2974961,CC1=C(C=CC(=C1)S(=O)(=O)NC(C)C)OCC(=O)N2CCN(CC2)CC3=CC4=C(C=C3)OCO4,0.02,Inactive,inactive,rf_v1
CID-9590315,COC1=CC=CC=C1C(=O)NCC(=O)NN=CC2=CC=NC=C2,0.04,Inactive,inactive,rf_v1
CID-16191120,C1CN(CCC1(CC2=CC=CC=C2)CO)CC3=CN=C(N=C3)C4=CC=CC5=CC=CC=C54,0.07,Inactive,inactive,rf_v1
CID-5790593,CC(=NNC(=O)C1=C(C=C(C=C1)Cl)Cl)C2=CN=CC=C2,0.09,Inactive,inactive,rf_v1
CID-805381,C1=CC2=C(C(=C1)OC(=O)CC3=CC=C(C=C3)Cl)N=CC=C2,0.11,Inactive,inactive,rf_v1
CID-5348876,CC1=CC(=C(N1C2=CC=C(C=C2)N3CCOCC3)C)C=C4C(=O)NC(=O)N4,0.04,Inactive,inactive,rf_v1
CID-22517505,COC1=CC=CC(=C1)C(=O)NC2=NN=C(S2)S(=O)(=O)N3CCCCC3,0.05,Inactive,inactive,rf_v1
CID-2985982,COCCSC1=NN=C(S1)NC(=O)CS(=O)(=O)C2=CC=CC=C2,0.11,Inactive,inactive,rf_v1
CID-1005171,CN1CCC2=NC(=C(C=C2C1)C#N)SCC3=CC(=CC=C3)Br,0.04,Inactive,inactive,rf_v1
CID-4358402,CCC(=O)N(CC1=CC(=O)NC2=CC=CC=C21)C3=CC=CC=C3OC,0.14,Inactive,inactive,rf_v1
CID-2974073,CC1CN2C(=NN=C2S1)C34CC5CC(C3)CC(C5)C4,0.03,Inactive,inactive,rf_v1
CID-595780,CN1C=C(C2=CC=CC=C21)SCC(=O)O,0.04,Inactive,inactive,rf_v1
CID-2801223,CN1C2=C(C(=N1)SCC3=C(C=C(C=C3)Cl)Cl)C(=O)N(N=C2)C,0.04,Inactive,inactive,rf_v1
CID-3981492,CC1=C(C=NN1CC(=O)NC2C3N(C2=O)C(=C(CS3)CSC4=NN=C(S4)C)C(=O)O)Cl,0.12,Inactive,inactive,rf_v1
CID-654605,CCOCCCN(C(C1=C(C(=CC=C1)OC)OC)C(=O)NC2CCCC2)C(=O)C3=CC=CO3,0.07,Inactive,inactive,rf_v1
CID-1085196,C1CCN(C1)C2=C(C(=NC=N2)Cl)N,0.01,Inactive,inactive,rf_v1
CID-878057,CCOC(=O)C1=CC=C(C=C1)C2=CC=C(O2)C(=O)NC3=CN=CC=C3,0.22,Inactive,inactive,rf_v1
CID-12005861,CC1=CC(=C(C(=C1)C)S(=O)(=O)N2CCCOC2CNC(=O)C(=O)NCC3=CC=NC=C3)C,0.07,Inactive,inactive,rf_v1
CID-2017736,C1=CSC(=C1)C(=O)OC2=CC3=C(C=C2)C(=O)C(=CC4=CC=NC=C4)O3,0.16,Inactive,inactive,rf_v1
CID-660691,COC1=CC=CC(=C1)C(=O)CSC(=NCC=C)NC#N,0.05,Inactive,inactive,rf_v1
CID-659974,CC1=CC(=NC2=C1C(=C(S2)C(=O)N3CCN(CC3)C4=NC=CC=N4)N)C,0.19,Inactive,inactive,rf_v1
CID-765996,CN(C)C1=CC=C(C=C1)C=C2C(=O)OC3(CCCC3)OC2=O,0.03,Inactive,inactive,rf_v1
CID-135476887,CC1CCN(CC1)C2=NC(=C(C(=O)N2)C#N)C3=CC=C(C=C3)OC,0.01,Inactive,inactive,rf_v1
CID-5258411,CC1=C(SC2=C1C(=O)NC(=N2)COC(=O)C3=CC(=C(C=C3)N4CCCC4)[N+](=O)[O-])C,0.25,Inactive,inactive,rf_v1
CID-5969577,COC1=C(C=CC(=C1)C=C2C(=O)N(C(=S)S2)C(C3=CC=CC=C3)C(=O)O)O,0.36,Inactive,inactive,rf_v1
CID-586929,C1CN(CCN1CCCN2C(=O)C3=CC=CC=C3C2=O)CCCN4C(=O)C5=CC=CC=C5C4=O,0.06,Inactive,inactive,rf_v1
CID-3169287,CC1=CC2=CC(=C(N=C2C=C1C)Cl)C3C(=C(OC(=C3C(=O)C)C)N)C#N,0.1,Inactive,inactive,rf_v1
CID-2537594,CC(=O)C1=CC(=C(C=C1)OC)CC(CC2=C(C=CC(=C2)C(=O)C)OC)(C#N)C(=O)NC,0.12,Inactive,inactive,rf_v1
CID-4294966,CC1CCCN(C1)S(=O)(=O)C2=CC=C(C=C2)C(=O)NC3=NN=C(O3)C4CC4,0.02,Inactive,inactive,rf_v1
CID-20899657,CC1=NC(=NC=C1C(=O)NC2=C(C=C(C=C2)OC)OC)SC,0.02,Inactive,inactive,rf_v1
CID-3533739,CC(=O)NCCN1C(=O)C2=CC=CC=C2N=C1SCC3=CC(=CC=C3)[N+](=O)[O-],0.03,Inactive,inactive,rf_v1
CID-12005327,C1CC(=O)N(N=C1C2=CC=CC=C2)CC(=O)NCC3=CC=CO3,0.05,Inactive,inactive,rf_v1
CID-6622773,CC(C)C(=O)NC1=C(C=CC(=C1)C2=CN3C=CC=NC3=N2)OC,0.04,Inactive,inactive,rf_v1
CID-4105344,CC(=O)N1CCC2=C(C1)SC(=C2C(=O)N)NC(=O)CC3=CC=CC=C3,0.03,Inactive,inactive,rf_v1
CID-4075582,CN(C)S(=O)(=O)C1=CC=CC(=C1)NC(=O)COC(=O)CCOC2=CC=CC=C2,0.03,Inactive,inactive,rf_v1
CID-666347,CCC(=O)NC1=C(C(=O)C2=CC=CC=C2N1C)C3=CC=C(C=C3)OC,0.05,Inactive,inactive,rf_v1
CID-650885,C1CCN(C1)C(=O)C2=CC=CC=C2NS(=O)(=O)C3=CC=CS3,0.1,Inactive,inactive,rf_v1
CID-6619248,CN(C1=CC=CC=C1)C(=O)CN2C=CC=C2C3=NC(CO3)C4=CC=CC=C4,0.22,Inactive,inactive,rf_v1
CID-3113985,C1CCCC(=NNC(=O)C(=O)NC2CCCCC2)CCC1,0.03,Inactive,inactive,rf_v1
CID-16190815,C1CCN(C(C1)CO)CCNCC2=C(NN=C2)C3=CC=CC4=CC=CC=C43,0.03,Inactive,inactive,rf_v1
CID-3196810,COC1=CC=C(C=C1)N(C(C2=CC(=C(C(=C2)OC)OC)OC)C(=O)NC3CCCC3)C(=O)C4=CC=CO4,0.18,Inactive,inactive,rf_v1
CID-18563631,CC1CCN(CC1)C(=O)CN2C=C(C3=CC=CC=C32)S(=O)(=O)CC(=O)N4CCOCC4,0.25,Inactive,inactive,rf_v1
CID-2232809,CC1=CC=C(C=C1)OC(=O)CCC(=O)OCCCC(C(F)(F)F)(F)F,0.08,Inactive,inactive,rf_v1
CID-2333687,C1=CC=C(C=C1)C(C2=CC=CC=C2)NC(=O)COC(=O)C3=CC=CC=C3C(=O)C4=CC=C(C=C4)Cl,0.16,Inactive,inactive,rf_v1
CID-251641,CCOC(=O)C1=CN=C(N=C1N)SCC2=CC=CC=C2,0.03,Inactive,inactive,rf_v1
CID-135400596,COC1=CC=C(C=C1)C=NN=CC2=CNC(=O)C(=C2NC3=CC=CC=C3)C#N,0.28,Inactive,inactive,rf_v1
CID-896933,C1COCCN1NS(=O)(=O)C2=CC=C(C=C2)Br,0.06,Inactive,inactive,rf_v1
CID-2532653,CC1=CSC(=N1)SCC(=O)NC(=O)NC(C)C,0.02,Inactive,inactive,rf_v1
CID-1211606,COC1=CC(=C(C=C1)C(=O)OC)OCC(=O)N2CCN(CC2)C3=CC=C(C=C3)F,0.05,Inactive,inactive,rf_v1
CID-2953261,CCCC1=C(SC(=C1C#N)N)C(=O)OCC,0.02,Inactive,inactive,rf_v1
CID-3109982,CC1=CC=C(C=C1)NC(=O)CC2C(=O)N(C(=O)S2)C3=CC=CC=C3,0.22,Inactive,inactive,rf_v1
CID-655074,CN1C2=C(C=C1C(=O)NC3=CC=CC(=C3)C(=O)OC)SC=C2,0.1,Inactive,inactive,rf_v1
CID-9550692,CCC(C)C(C(=O)NC1CCN(CC1)CC2=CC=CC=C2)NC(=O)C3CCC(CC3)C,0.1,Inactive,inactive,rf_v1
CID-23724168,CN1CCCC(C1)OC(=O)C2=CC=CC=C2Br.Cl,0.03,Inactive,inactive,rf_v1
CID-662367,C1=CC(=CN=C1)C2=NC(=C(C(=C2)C3=CC=CS3)C#N)N,0.12,Inactive,inactive,rf_v1
CID-24819247,CC1=CC=CC2=NC(=CN12)CNC(=O)C3CCC(=O)N(C3)CC4=CC=CC=C4F,0.11,Inactive,inactive,rf_v1
CID-3149448,C1=CC=C(C=C1)NC(=O)C(=O)C2=CNC3=CC=CC=C32,0.14,Inactive,inactive,rf_v1
CID-5333754,COC1=CC=C(C=C1)C=CC(=O)NCC(=O)NN=CC2=CC=CS2,0.04,Inactive,inactive,rf_v1
CID-3087714,CC1=NC(=C(N1CC2=CC=C(C=C2)Cl)SCC(CCl)O)[N+](=O)[O-],0.11,Inactive,inactive,rf_v1
CID-2166864,CCCC(=O)NCCCCNC(=O)CCC,0.01,Inactive,inactive,rf_v1
CID-135472366,CC(C)(C)C1=CC(=CC(=C1O)C(C)(C)C)C=NO,0.06,Inactive,inactive,rf_v1
CID-1094090,CCOC(=O)CC1=CSC(=N1)NC(=O)CS(=O)(=O)CC2=CC=CC=C2,0.09,Inactive,inactive,rf_v1
CID-2965184,C1CCC(CC1)(C#CC2=CC=C(C=C2)C(=O)NC(CCCNC(=O)N)C(=O)O)O,0.05,Inactive,inactive,rf_v1
CID-5309211,CC1=CC(=CC=C1)C2=NC(=C(O2)C)CS(=O)CC(=O)N3CCC4=CC=CC=C4C3,0.03,Inactive,inactive,rf_v1
CID-1184257,CC1=CC2=NN=C(N2C3=CC=CC=C13)SCC(=O)NCC4=CC=CS4,0.12,Inactive,inactive,rf_v1
CID-9550270,CSCCC(C(=O)NCC1=CC=CC=C1)NS(=O)(=O)C2=CC=CS2,0.03,Inactive,inactive,rf_v1
CID-11841124,CN1CCN(CC1)CC(=O)N2C(CC(=N2)C3=CC=CS3)C4=CC=CO4,0.16,Inactive,inactive,rf_v1
CID-5648463,COC(=O)C1=CC=C(C=C1)NC(=NS(=O)(=O)C2=CC=CC=C2)C3=CC=CC=C3,0.17,Inactive,inactive,rf_v1
CID-1079156,CC1=C(SC2=C1C(=O)N(C(=N2)SCC(=O)N(CCO)CCO)C3CCCCC3)C,0.0,Inactive,inactive,rf_v1
CID-1963009,CC1=NC(=CC2=CC(=C(C=C2)OC)OC)C(=O)N1C3=CC4=CC=CC=C4C=C3,0.07,Inactive,inactive,rf_v1
CID-2427476,CC1=CC=C(C=C1)S(=O)(=O)N2CCN(CC2)CCC#N,0.03,Inactive,inactive,rf_v1
CID-24892376,COC1=C(C=C(C=C1)NC(=O)CSC2=NN=C(S2)NC(=O)C3=CC=CO3)OC,0.06,Inactive,inactive,rf_v1
CID-3715739,CNC(=O)C1=C(N=NS1)C2=CC=CC=C2,0.04,Inactive,inactive,rf_v1
CID-2914558,CC(=O)NC(CC1=CC=CC=C1)C(=O)OCC(=O)C2=CC=C(C=C2)Br,0.08,Inactive,inactive,rf_v1
CID-20901693,CC1CC2=C(N1C(=O)C3CC3)C=CC(=C2)S(=O)(=O)N4CCN(CC4)C5=CC=CC=C5F,0.06,Inactive,inactive,rf_v1
CID-7554440,CC1=CC(=CC=C1)NC(=O)C(C2=CC=CC=C2)NC(=O)C3CC4=CC=CC=C4CN3,0.1,Inactive,inactive,rf_v1
CID-9592154,CC(=NNC(=O)C1=CC=CC=N1)CC(=O)NC2=CC=C(C=C2)N(C)C,0.05,Inactive,inactive,rf_v1
CID-880639,CC1=CC=C(C=C1)C(=O)NC(=S)NC2=CC=CC=C2C(F)(F)F,0.12,Inactive,inactive,rf_v1
CID-2831697,CC1=C(C(NC(=O)N1C)C2=CC=CC=C2C(F)(F)F)[N+](=O)[O-],0.1,Inactive,inactive,rf_v1
CID-563780,CC1=C(NC(=C1C(=O)C)C)C(=O)OCC2=CC=CC=C2,0.05,Inactive,inactive,rf_v1
CID-5731619,COC1=CC=CC=C1C=CC2=NC3=C(C=CC=C3O)C=C2,0.14,Inactive,inactive,rf_v1
CID-9580998,CC1=C(C(=NO1)C2=CC=CC=C2)C3=CSC(=N3)NN=CC4=CC=CC=C4,0.11,Inactive,inactive,rf_v1
CID-8894361,CCN(CC)C(=S)SCC1=CSC(=N1)CC(=O)NC2=CC=CC=C2C,0.03,Inactive,inactive,rf_v1
CID-996071,CC1=C2C(=CC=C1)C3=C(C(N2C(=O)CN4C(=O)C5=CC=CC=C5C4=O)(C)C)SSC3=S,0.2,Inactive,inactive,rf_v1
CID-135439795,C1=CC=C(C(=C1)CSC2=NC3=C(C=NN3)C(=O)N2)Cl,0.03,Inactive,inactive,rf_v1
CID-781257,CC1=CC(=NC(=N1)C2=CC=CC=C2O)OC(C)C,0.04,Inactive,inactive,rf_v1
CID-651510,CCN1CCN(CC1)C2=C(C=C(C=C2)NC(=O)C3=CN=CC=C3)Cl,0.32,Inactive,inactive,rf_v1
CID-1335795,C1=CC(=CC(=C1)NC(=O)CCC(=O)C2=CC=C(C=C2)Br)C(F)(F)F,0.14,Inactive,inactive,rf_v1
CID-2371018,CCOC(=O)CC(=O)C1=C(C2=C(S1)N(C(=O)NC2=O)C3=CC=C(C=C3)OC)N,0.07,Inactive,inactive,rf_v1
CID-2990019,CCCCNS(=O)(=O)C1=CC=C(C=C1)OCC(=O)N2CCN(CC2)CC3=CC4=C(C=C3)OCO4,0.06,Inactive,inactive,rf_v1
CID-1101146,C1COCCN(CCOCCN1C(=O)OCC2=CC=CC=C2)C(=O)OCC3=CC=CC=C3,0.03,Inactive,inactive,rf_v1
CID-2499399,CC1=CC=C(C=C1)N2C(=CC(=C2C)C(=O)CN3C(=O)C(=O)N(C3=O)C4CCCC4)C,0.18,Inactive,inactive,rf_v1
CID-648251,CCN1C(=NN=C1SCCN2CCCCC2)C3=CC=C(C=C3)S(=O)(=O)N4CCOCC4.C(=O)(C(=O)O)O,0.1,Inactive,inactive,rf_v1
CID-9623900,CC1=C(C=C(C=C1)C(=O)NCC(=O)NN=CC2=CC=C(O2)C)[N+](=O)[O-],0.09,Inactive,inactive,rf_v1
CID-16024492,CC1=CC=C(C=C1)CCNC(=O)CCS(=O)(=O)C2=CC3=C(C=C2)N(C(=O)O3)C,0.07,Inactive,inactive,rf_v1
CID-4390807,CCOC(=O)C1=CC=C(C=C1)NC(=O)CSC2=NC3=C(C(=O)N2C)SC(C3)C,0.04,Inactive,inactive,rf_v1
CID-79617,CS(=O)(=O)C1=CC=C(C=C1)N,0.04,Inactive,inactive,rf_v1
CID-946987,CN1C=CC=C1C=C2C(=O)NC(=S)N(C2=O)CC3=CC=C(C=C3)F,0.06,Inactive,inactive,rf_v1
CID-878331,CC(C)OC1=C(C=C(C=C1)C(=O)C)CSC2=NC(=CC(=O)N2)O,0.06,Inactive,inactive,rf_v1
CID-5576035,C1COCCN1CCCNC(=O)C2=NC(=C3C(=C2)C4=CC=CC=C4N3)C5=CC(=CC=C5)Br,0.1,Inactive,inactive,rf_v1
CID-3141099,CC1=C(C=C(C=C1)OCCNC2=C(C=CC(=C2)N3CCN(CC3)CCO)[N+](=O)[O-])C,0.09,Inactive,inactive,rf_v1
CID-978171,CN(C)C(=S)NC1=CC=C(C=C1)CC2=CC=NC=C2,0.01,Inactive,inactive,rf_v1
CID-24791132,CC1=NC=C(C=C1)OCC2=CC(=NO2)C(=O)NC3CCCCC3,0.06,Inactive,inactive,rf_v1
CID-24687746,CC1=CC=C(C=C1)C(=O)CCC(=O)OCC(=O)N(CCOC)C2=C(N(C(=O)NC2=O)CC3=CC=CC=C3)N,0.03,Inactive,inactive,rf_v1
CID-3697065,CC(=NCCCN1C=CN=C1)C2=C(N(C(=O)NC2=O)C3CCCCC3)O,0.03,Inactive,inactive,rf_v1
CID-2738310,C1CCC(CC1)(CC(=O)NC2=CC3=C(C=C2)OCCCO3)CC(=O)O,0.09,Inactive,inactive,rf_v1
CID-11958692,CCOC1=C2C=CC(=CC2=NN1C)C(=O)NC3CCCC4=CC=CC=C34,0.15,Inactive,inactive,rf_v1
CID-4137775,CC1=CC=CC2=NC(=CC(=O)N12)CSC3=NC4=C(C=NN4)C(=O)N3C5=CC(=CC=C5)Cl,0.08,Inactive,inactive,rf_v1
CID-20859216,CCCCNC(=O)C1=CN(C2=C(C1=O)C=C(C=C2)S(=O)(=O)N3CC(CC(C3)C)C)C,0.06,Inactive,inactive,rf_v1
CID-4521586,COC(=O)C(C(F)(F)F)(NC1=NC2=C(S1)CCCC2)NC(=O)COC3=CC=CC=C3,0.08,Inactive,inactive,rf_v1
CID-5294686,CCCOC1=CC=C(C=C1)C(CC(=O)O)NC(=O)CC(C2=CC=CC=C2)C3=CC=CC=C3,0.1,Inactive,inactive,rf_v1
CID-990753,CC1=C2C=CC=CN2C3=C(C(=CC3=C1C4=CC=CC=C4)C(=O)OC)C(=O)OC,0.15,Inactive,inactive,rf_v1
CID-6582014,CC1C(=O)NC(=CC2=CC=CC=C2Cl)C(=O)N1,0.11,Inactive,inactive,rf_v1
CID-6458707,C1COCCN1C2=C(C=C(C=C2)NC(=O)C3=CC(=CC=C3)N4C=NN=C4)Cl,0.06,Inactive,inactive,rf_v1
CID-3161902,CCOC1=C(C=C(C=C1)S(=O)(=O)N2CCC(CC2)C(=O)NCC3=CC=NC=C3)Cl,0.02,Inactive,inactive,rf_v1
CID-2873023,C1CC2C=CC1C3C2C(=O)N(C3=O)C4=CC=CC(=C4)C(F)(F)F,0.25,Inactive,inactive,rf_v1
CID-725694,CN(CC1=CC=CC=C1)C(=O)C2=CC3=CC=CC=C3O2,0.11,Inactive,inactive,rf_v1
CID-9660914,C1=CC=C(C(=C1)C=NNC(=O)C2=CC(=NC3=CC=CC=C32)C4=CC=NC=C4)OC(F)F,0.09,Inactive,inactive,rf_v1
CID-3238017,C1=CC(=CC(=C1)Br)OC(=O)C2=CN=CC=C2,0.15,Inactive,inactive,rf_v1
CID-135515078,CCC1=CC=C(C=C1)C2CC(NC3=NC(=NN23)N)C4=CC=C(C=C4)OCC,0.03,Inactive,inactive,rf_v1
CID-2904746,C1=CC=C(C=C1)C2=NC(=NC3=CC=CC=C32)N=C(N)N,0.03,Inactive,inactive,rf_v1
CID-2828583,C1C(C(=O)NN=C1C2=CC=CC=C2)C3=CNC4=CC=CC=C43,0.08,Inactive,inactive,rf_v1
CID-4325939,C1=CC(=CN=C1)CN2C(=O)C(NC2=O)(C(F)(F)F)NC(=O)C3=CC=C(C=C3)F,0.04,Inactive,inactive,rf_v1
CID-270308,CC1=CC=C(C=C1)CC(=O)N2CCOCC2,0.03,Inactive,inactive,rf_v1
CID-6237804,C1=CC=C(C(=C1)C=C2C(=O)N(C(=S)S2)CCC(=O)NCCCN3C=CN=C3)F,0.19,Inactive,inactive,rf_v1
CID-6240641,CC1=CC=C(C=C1)SC(C)C(=O)ON=C(C2=CC=NC=C2)N,0.02,Inactive,inactive,rf_v1
CID-884731,CCC(CC)NC(=O)C1=CC=CC=C1OC2=CC=CC=C2,0.13,Inactive,inactive,rf_v1
CID-2958444,C1=CC=C(C=C1)CCNC2=C(C=C(C=C2)[N+](=O)[O-])C(=O)N,0.17,Inactive,inactive,rf_v1
CID-714174,CC1=C(C(=CC=C1)C)NC2=NC3=CC=CC=C3O2,0.06,Inactive,inactive,rf_v1
CID-2764915,C1=CC=C(C=C1)CN2C=CC=C(C2=O)C3=NNC(=S)O3,0.14,Inactive,inactive,rf_v1
CID-1157527,CC1=C(ON=C1C)NS(=O)(=O)C2=CC=C(C=C2)NC(=O)C3=CC=C(C=C3)OC(C)C,0.53,Active,inactive,rf_v1
CID-659984,CCOC(=O)CCP(=O)(C(C1=CC=C(C=C1)OC)O)O,0.06,Inactive,inactive,rf_v1
CID-644933,CC1=CC=C(C=C1)CN2C3=C(N=C2N4CCCCCC4)N(C(=O)NC3=O)C,0.02,Inactive,inactive,rf_v1
CID-3742911,CC(CCC=C(C)C)CCN(CCCN(C)C)C(=O)C,0.08,Inactive,inactive,rf_v1
CID-648205,CN(C1=NN=C(S1)C2=CC=NC=C2)C(=O)C3CCCO3,0.08,Inactive,inactive,rf_v1
CID-2999346,C1CN(C2=CC=CC=C21)C(=O)COC3=C(C4=CC=CC=C4C=C3)CN5CCOCC5,0.04,Inactive,inactive,rf_v1
CID-844706,CC1=CN=C(S1)NC(=O)C2=NN(C=C2[N+](=O)[O-])C,0.04,Inactive,inactive,rf_v1
CID-15990611,COC(=O)CNC(=O)C1CCN(CC1)S(=O)(=O)C2=CC=CC3=NSN=C32,0.03,Inactive,inactive,rf_v1
CID-2930321,C1=CC=C(C=C1)C(=O)NC2=CC=CC=C2C(=O)NC(CC(=O)O)C(=O)O,0.05,Inactive,inactive,rf_v1
CID-1625073,CCCC1=NN=C(S1)NC(=O)CCC(=O)NCCC2=CC(=C(C=C2)OC)OC,0.02,Inactive,inactive,rf_v1
CID-20864932,CC(C)C1=CC=C(C=C1)S(=O)(=O)N2CCN(CC2)C(=O)C3=CC(=NN3)C4=CC=CC=C4,0.07,Inactive,inactive,rf_v1
CID-645626,CC1=CC2=C(C=C1C)N(C=N2)CCC(=O)NC3=CC=CC(=C3)NC(=O)C,0.06,Inactive,inactive,rf_v1
CID-1022213,C1=CC=C(C=C1)CN2C(=O)C3=CC=CC=C3C(=N2)C4=CC=C(C=C4)Br,0.14,Inactive,inactive,rf_v1
CID-2287069,CC1=CC=C(C=C1)N(CC(=O)NCCSCC2=CC=CO2)S(=O)(=O)C3=CC=C(C=C3)F,0.23,Inactive,inactive,rf_v1
CID-660409,CC(=O)N(CC1=CC=CC=C1)C2=CC=C(C=C2)C(=O)O,0.15,Inactive,inactive,rf_v1
CID-135460540,C1=CC(=CN=C1)C=C2C(=O)NC(=NO)S2,0.05,Inactive,inactive,rf_v1
CID-2225156,C1=CC=C(C=C1)C(C2=CC=CC=C2)C(=O)NC3=CN(N=C3)CC4=CC=C(C=C4)F,0.06,Inactive,inactive,rf_v1
CID-2860962,CC1=C(C(=NN1CC(=O)NCCCN2C=CN=C2)C(F)(F)F)Br,0.07,Inactive,inactive,rf_v1
CID-3157921,CC1CN(CN1C(=O)C)S(=O)(=O)C2=CC=C(C=C2)C,0.11,Inactive,inactive,rf_v1
CID-16193450,C1=CC=C2C(=C1)C(=O)N(C(=N2)C3=CC=C(C=C3)F)NC(=O)C4=CN=CC=C4,0.04,Inactive,inactive,rf_v1
CID-5020885,CC1=C(C(=NO1)C)C(=O)NC(C)C23CC4CC(C2)CC(C4)C3,0.03,Inactive,inactive,rf_v1
CID-135425836,C1=CC(=CN=C1)C2=NNC(=NC3=C2C=C(C=C3)F)C4=CC=CS4,0.25,Inactive,inactive,rf_v1
CID-9551983,CC1(C(=O)N(C(=O)N1)CC(=O)NC2=CC3=C(C=C2)OCO3)C4=CC(=C(C=C4)OC)OC,0.15,Inactive,inactive,rf_v1
CID-12004909,CCC(C)NC(=O)CCC(=O)NNC1=NC2=CC=CC=C2C3=NC(=NN31)C,0.05,Inactive,inactive,rf_v1
CID-2444220,CSC1=CC=CC=C1C(=O)NCC2(CCCCC2)N3CCCCC3,0.12,Inactive,inactive,rf_v1
CID-18561528,COCCNC(=O)C(=O)NCC1N(CCO1)S(=O)(=O)C2=CC=C(C=C2)F,0.16,Inactive,inactive,rf_v1
CID-806668,CN(C)C(=O)OC1=CC=C(C2=CC=CC=C21)Cl,0.09,Inactive,inactive,rf_v1
CID-4781045,CC(C(=O)NC1=CC2=C(C=C1)OCCO2)SC3=NN=C4N3C=CC=C4,0.05,Inactive,inactive,rf_v1
CID-845567,CN1C2=C(N=C1OC3=CC4=CC=CC=C4C=C3)N(C(=O)N(C2=O)C)C,0.03,Inactive,inactive,rf_v1
CID-16189123,CCN1C=CN=C1CN2CCN(C(C2)CCO)CCC(C)C,0.05,Inactive,inactive,rf_v1
CID-755449,C1CCC2=C(CC1)SC(=C2C(=O)O)NC(=O)C3=CC=CC=C3,0.11,Inactive,inactive,rf_v1
CID-2904340,CC1CC(CN(C1)C(=O)CCC2=CC=CC=C2)C,0.03,Inactive,inactive,rf_v1
CID-9559950,C1=CC=C(C=C1)C(=NO)C2=CC3=CC(=CC(=C3O2)Br)Br,0.08,Inactive,inactive,rf_v1
CID-662647,COC1=CC=CC=C1C2=NN=C3N2N=C(CS3)C4=CC(=C(C=C4)O)O,0.05,Inactive,inactive,rf_v1
CID-22432504,CCC1=NC2=NC(=C(C(=O)N2N1)NS(=O)(=O)C3=CC=C(S3)Cl)C,0.07,Inactive,inactive,rf_v1
CID-16008061,CC1=C(N=C(O1)C2=CC(=CC=C2)OC)CS(=O)(=O)CC(=O)NCCCC3=CC=CC=C3,0.09,Inactive,inactive,rf_v1
CID-15945235,CCC1=CC=CC(=C1NC(=O)CN(C)CC2=CC=CC=C2F)C.C(=O)(C(=O)O)O,0.03,Inactive,inactive,rf_v1
CID-2868311,C1COC2=C(O1)C=CC(=C2)C(=O)COC(=O)C(C3=CC=CC=C3)O,0.12,Inactive,inactive,rf_v1
CID-9551127,C1CC(OC1)CNC(=O)CCCN2C(=O)C3=CC=CC=C3N=C2SCC(=O)C4=CC=CC=C4,0.04,Inactive,inactive,rf_v1
CID-1547871,COC1=CC(=CC(=C1OC)OC)C(=O)NC2=NC(=CS2)C3=CC=CS3,0.11,Inactive,inactive,rf_v1
CID-409350,CCOC(=O)C1=CC=C(C=C1)NCC2=CC=NC=C2,0.07,Inactive,inactive,rf_v1
CID-1445087,CC1=CC=CC=C1C(=O)NC2CCN(CC2)CC3=NN=NN3C(C)(C)C,0.02,Inactive,inactive,rf_v1
CID-6074923,CCC1CSC(=N1)NC2=CC=C(C=C2)C(=O)C=CC3=CC=CC(=C3)C,0.16,Inactive,inactive,rf_v1
CID-2546078,CC1=CC(=CC(=C1)NC2=NCCCS2)C,0.02,Inactive,inactive,rf_v1
CID-836491,CCOC(=O)C1=CC=CC=C1NC(=O)COC,0.01,Inactive,inactive,rf_v1
CID-2925102,C1C2C=CC1C3C2C(=O)N(C3=O)C4=CC=CC(=C4)C(=O)NC5=NC=CS5,0.09,Inactive,inactive,rf_v1
CID-2955756,CCN1CCN(CC1)C(=O)C2=CC=C(C=C2)CN(C3=CC=CC=C3)S(=O)(=O)C4=CC=CC=C4,0.07,Inactive,inactive,rf_v1
CID-1450030,C1=CC=C(C=C1)OC2=CC=C(C=C2)NC(=O)CSCC3=NC4=CC=CC=C4N3,0.14,Inactive,inactive,rf_v1
CID-768641,CC1=C(C=C(C=C1)C(=O)O)N2C(=CC(=C2C)C=O)C,0.1,Inactive,inactive,rf_v1
CID-2379325,CS(=O)(=O)N1C2=CC=CC3=C2C(=CC=C3)S1(=O)=O,0.05,Inactive,inactive,rf_v1
CID-16188114,COC1=C(C=C(C=C1)CCNC2CCCCC2)OC.Cl,0.0,Inactive,inactive,rf_v1
CID-16196592,CCC(C)C(C1=CN(N=N1)C(CCCCN)C(=O)N2CCN(CC2)C3=NC(=NC(=N3)NCCOCCOCCOCC#C)N4CCN(CC4)C(=O)C(C(C)CC)N5C=C(N=N5)C(CC6=CC=C(C=C6)O)N)N.Cl,0.06,Inactive,inactive,rf_v1
CID-5181969,C1CCN(CC1)C(=O)C2=C(C=CC(=C2)S(=O)(=O)N3CCC4(CC3)OCCO4)F,0.11,Inactive,inactive,rf_v1
CID-2521432,CC1=C(C=CC(=C1)Br)SCC(=O)NC2=CN=CC=C2,0.12,Inactive,inactive,rf_v1
CID-3481684,CCOC1=CC=CC=C1C(=O)NC2=CC=CC3=CC=CC=C32,0.02,Inactive,inactive,rf_v1
CID-3196624,CCOC1=CC=CC=C1N(C(C2=CC=CS2)C(=O)NC3CCCC3)C(=O)C4=CC=CO4,0.02,Inactive,inactive,rf_v1
CID-16187497,COC1=C(C=C(C=C1)C(=O)C2CCCN(C2)CC3=C(NN=C3)C4=CC=CC=C4)OC,0.04,Inactive,inactive,rf_v1
CID-1796408,CCCOC1=C(C=C(C=C1Br)C(=O)N)OC,0.22,Inactive,inactive,rf_v1
CID-664902,COC1=C(C=C(C=C1)CC(=O)NC2=NN3C(CC(=O)NC3=N2)C4=CC=CC=C4)OC,0.06,Inactive,inactive,rf_v1
CID-46499854,CC(=NOCC(=O)NN1C(=O)C2=CC=CC=C2NC1=O)C3=CC=CS3,0.05,Inactive,inactive,rf_v1
CID-16834491,CC1=CC=CC=C1CS(=O)(=O)C2=CN(C3=CC=CC=C32)CC(=O)N4CCOCC4,0.29,Inactive,inactive,rf_v1
CID-15945074,CC(C)(C)C1=CC=C(C=C1)C2=NN=C(N2CC3=CC=CC=C3)SC4CCOC4=O,0.14,Inactive,inactive,rf_v1
CID-1186757,C1COCCN1CCNC2=NN3C(=NC4=CC=CC=C4C3=O)C5=CC=CC=C52,0.06,Inactive,inactive,rf_v1
CID-667117,CN1CN2C(=O)CC(C(=C2SC1)C#N)C3=C(C=CC4=CC=CC=C43)OC,0.14,Inactive,inactive,rf_v1
CID-1766431,CCCCNC(=S)NNC(=O)C1=NN(C(=C1Cl)C)C,0.02,Inactive,inactive,rf_v1
CID-6879178,C1CN(CCN1CC2=CC=CC=C2)N=CC3=C(C=CC(=C3)[N+](=O)[O-])Cl,0.04,Inactive,inactive,rf_v1
CID-16190813,C1CCC(CC1)CCC2=NN=C(O2)CCC(=O)N(CCO)CC3=CC=CS3,0.05,Inactive,inactive,rf_v1
CID-869802,CCOC(=O)CN1C2=CC=CC=C2N=C1C3=CC=CC=N3,0.04,Inactive,inactive,rf_v1
CID-831630,CC1=C(C=CO1)C(=O)NC2=C(C=C(C=C2)Br)F,0.1,Inactive,inactive,rf_v1
CID-20901859,CC1CC2=C(N1C(=O)C)C=CC(=C2)S(=O)(=O)N(C)CC(=O)NC3=C(C=CC(=C3)C)OC,0.07,Inactive,inactive,rf_v1
CID-1231788,CC1=C(C(=NN1CC(=O)NNC(=S)NC2=CC=CC=C2)C)[N+](=O)[O-],0.03,Inactive,inactive,rf_v1
CID-2941148,CC1=CC(=C(C=C1)OCC(=O)NC2CCS(=O)(=O)C2)C,0.09,Inactive,inactive,rf_v1
CID-2378081,CC(C)(C)C1=CC=C(C=C1)C(=O)NC(=S)NN2C=NN=C2,0.11,Inactive,inactive,rf_v1
CID-2810760,CN1C=C(N=C1)S(=O)(=O)NC2=C(C=CC(=C2)C(F)(F)F)N3CCOCC3,0.06,Inactive,inactive,rf_v1
CID-4328198,CN(C1CCCCC1)C(=O)C2=CC(=CC=C2)N3C(=O)C4C5CC(C4C3=O)C=C5,0.09,Inactive,inactive,rf_v1
CID-135449245,CC1=CC(=O)NC(=N1)CC2=CC=C(C=C2)OC(C)C,0.03,Inactive,inactive,rf_v1
CID-16194060,C1=CC=C(C=C1)CNC(=O)CCNS(=O)(=O)C2=CC=C(S2)Br,0.05,Inactive,inactive,rf_v1
CID-665554,C1CC2=C(C1)NN=C2C3=NN=C4N3N=C(CS4)C5=CC=C(C=C5)F,0.04,Inactive,inactive,rf_v1
CID-7583021,CC1=CC(=CC(=C1)NC(=O)C2CCN(CC2)C(=O)C3CC4=CC=CC=C4CN3)C,0.03,Inactive,inactive,rf_v1
CID-15496774,CC1=C(C=C(C(=N1)SC)C#N)C(=O)C[N+]2=CC=CC=C2.[Br-],0.03,Inactive,inactive,rf_v1
CID-7150733,CC1=CC2=NC(=CN2C=C1)CCNC(=O)CC3=CC=CS3,0.04,Inactive,inactive,rf_v1
CID-697771,CSC1=NN(C(=S)S1)CCC2=CC=NC=C2,0.08,Inactive,inactive,rf_v1
CID-16405619,C1COCCN1CCNC(=O)C2=CC=CC=C2N3C(=O)C4CC5=C(C(N4C3=O)C6=CC=C(C=C6)F)NC7=CC=CC=C57,0.32,Inactive,inactive,rf_v1
CID-3235942,COC1=CC=C(C=C1)N2C(=O)C3=CC=CC=C3C(=N2)C(=O)NC4=CC5=C(C=C4)OCO5,0.15,Inactive,inactive,rf_v1
CID-4969445,COC1=CC=CC=C1N2C3=C(C=C(C=N3)C(=O)C4=C(C=CC(=C4)F)O)C(=C(C2=O)C#N)C5=CC=C(C=C5)[N+](=O)[O-],0.14,Inactive,inactive,rf_v1
CID-4663943,CN(C(=S)NC1=CC=C(C=C1)F)C2(CCCCC2=O)C3=CC=CC=C3Cl,0.11,Inactive,inactive,rf_v1
CID-1451365,C1CCC(C1)NC(=O)CSC2=NC(=NC3=CC=CC=C32)COC4=CC=CC=C4,0.08,Inactive,inactive,rf_v1
CID-24792947,CC(C)NC(=O)C1CCN(CC1)C2CCN(CC2)C(=O)C3=CC=C(O3)CSC,0.0,Inactive,inactive,rf_v1
CID-866360,COC1=CC=CC=C1CN2C(=O)C3=CC=CC=C3NC2=S,0.14,Inactive,inactive,rf_v1
CID-46496338,CC1=CC(=CC=C1)C(=O)NC2=CC=CC(=C2)C(=O)NN=CC3=CC=CC=N3,0.27,Inactive,inactive,rf_v1
CID-23933643,COC1=CC(=C(C=C1)N2C(=O)C3=C(C=C(C=C3)C(=O)NC4=CC=C(C=C4)F)NC2=S)OC,0.3,Inactive,inactive,rf_v1
CID-3243532,CC(C)C(=O)NC(C)C(C1=CC=CS1)N2CCN(CC2)C3=CC=CC=C3,0.04,Inactive,inactive,rf_v1
CID-2874367,COC1=CC=C(C=C1)CN2CCN(CC2)CC3=CC=CC=C3F.C(=O)(C(=O)O)O,0.04,Inactive,inactive,rf_v1
CID-930415,COC1=CC=C(C=C1)C2=CSC(=N2)NC(=O)NC3=CC=CC=C3,0.18,Inactive,inactive,rf_v1
CID-2928301,CC1=CC=C(C=C1)NC(=O)C2=C(C=CC(=C2)NC(=O)C3CC=CCC3C(=O)O)N4CCOCC4,0.14,Inactive,inactive,rf_v1
CID-4517841,COC1=CC=C(C=C1)CCC(=O)NCCC2=CC=C(C=C2)OC,0.01,Inactive,inactive,rf_v1
CID-4568225,CC1CC1C(=O)OCC(=O)NC2=CC=CC=C2OC3=CC=CC=C3,0.03,Inactive,inactive,rf_v1
CID-2955407,C=CCNC(=O)C1=CC=CC=C1NC(=O)C2CC(=O)N(C2)C3=CC=C(C=C3)Cl,0.04,Inactive,inactive,rf_v1
CID-16191580,COC1=CC=CC(=C1)CN2CCN(CC2CCO)CC3=NOC=C3,0.02,Inactive,inactive,rf_v1
CID-3100928,CC1=NN=C(S1)NC(=O)C2CCCCC2,0.03,Inactive,inactive,rf_v1
CID-1479463,CC1=NC(=CC(=N1)SC2=CC=C(C=C2)Cl)CS(=O)(=O)C3=CC=C(C=C3)Cl,0.28,Inactive,inactive,rf_v1
CID-2295897,CN1C(=O)C(C(=O)N(C1=O)C)CC2=CC=CS2,0.04,Inactive,inactive,rf_v1
CID-759208,C1=CC2=NC(=CN2C=C1)CNC3=CC=C(C=C3)F,0.03,Inactive,inactive,rf_v1
CID-4398966,C1CCC(CC1)N2C3=C(C=C(C2=N)S(=O)(=O)C4=CC=C(C=C4)Br)C(=O)N5C=CC=CC5=N3,0.11,Inactive,inactive,rf_v1
CID-886104,CCNC(=S)NCCN1CCOCC1,0.13,Inactive,inactive,rf_v1
CID-2843524,C1=CC=C(C(=C1)OCCCN2C=CN=C2)F,0.09,Inactive,inactive,rf_v1
CID-12005915,CC1=CC=C(C=C1)S(=O)(=O)C2=C(SC(=N2)S(=O)(=O)C)NCC3=CC4=C(C=C3)OCO4,0.07,Inactive,inactive,rf_v1
CID-362726,COC1=CC=C(C=C1)S(=O)(=O)N(CC(=O)O)C2=CC=CC=C2,0.07,Inactive,inactive,rf_v1
CID-663112,CCN1C(=NN=C1SCC(=O)NC2=C(C=CC(=C2)C)C)C3=NC=CN=C3,0.07,Inactive,inactive,rf_v1
CID-135415491,C1CC(=C(C#N)C2=NC3=CC=CC=C3C(=O)N2)NC1,0.04,Inactive,inactive,rf_v1
CID-974385,CC(=O)NC(=S)NC1=CC=C(C=C1)S(=O)(=O)N2CCOCC2,0.05,Inactive,inactive,rf_v1
CID-1634708,CCOC(=O)N(C1=CC=CC=C1)NC(=O)C(C2=CC=CC=C2)(C3=CC=CC=C3)O,0.14,Inactive,inactive,rf_v1
CID-834457,C1=CC(=C(C(=C1)Cl)CNC2=CC=C(C=C2)S(=O)(=O)N)F,0.12,Inactive,inactive,rf_v1
CID-980413,CCOC(=O)C1=C(SC2=C1CCCC2)NC(=S)NC(=O)C3=CC=CO3,0.14,Inactive,inactive,rf_v1
CID-135449264,CCCC(=NO)C1=CNC2=CC=CC=C21,0.08,Inactive,inactive,rf_v1
CID-3485634,CC1=CC(=CC=C1)OC2=NC3=C(N2CC=C)C(=O)N(C(=O)N3C)C,0.09,Inactive,inactive,rf_v1
CID-4150224,CCCCNC(=O)NC1CCCC1,0.01,Inactive,inactive,rf_v1
CID-6603403,C1CN2C(=CSC2=N1)C3=CC=CC4=CC=CC=C43.Br,0.04,Inactive,inactive,rf_v1
CID-5955722,CC(C(=O)NC1=CC=C(C=C1)NC(=O)C)OC(=O)C=CC2=CC=CS2,0.17,Inactive,inactive,rf_v1
CID-5859617,C1CC2C(N(N=C2C(=CC3=CC=C(C=C3)F)C1)C(=O)C4=CC=CC=N4)C5=CC=C(C=C5)F,0.09,Inactive,inactive,rf_v1
CID-5333653,CCC(=NNS(=O)(=O)C)C1=CC=CC=C1,0.04,Inactive,inactive,rf_v1
CID-655977,CC1=CC(=NO1)NC(=O)CCC(=O)N(CC=C)C(C2=CN=CC=C2)C(=O)NC3CCCC3,0.14,Inactive,inactive,rf_v1
CID-9625861,CC1=CC=C(S1)C=NNC2=CC=C(C=C2)F,0.04,Inactive,inactive,rf_v1
CID-24816964,CC1=C(C=C(C=C1)NC2CCCN(C2)C(=O)CCCN3CCCCC3=O)C,0.16,Inactive,inactive,rf_v1
CID-2474452,CC1=CC=C(O1)C(=O)N2CCN(CC2)S(=O)(=O)C3=C(C=CC(=C3)Br)Br,0.16,Inactive,inactive,rf_v1
CID-9550579,CCCCN(CCCNC(=O)C1=CC2=C(C=C1)N=C(S2)N3CCOCC3)CC4=CC=CC=C4,0.06,Inactive,inactive,rf_v1
CID-9653017,CC1=CCC(CC1=NNC(=O)C2=CC=C(C=C2)NC(=O)C3=CC=CC(=C3)C)C(=C)C,0.14,Inactive,inactive,rf_v1
CID-1479104,CN1C=C(C=C(C1=O)C#N)C2=CC=CC=C2,0.14,Inactive,inactive,rf_v1
CID-5307726,CC1=C(C(=CC=C1)NC(=O)C2=C(N=C(O2)C)C)C,0.04,Inactive,inactive,rf_v1
CID-7217445,COC1=CC=C(C=C1)C2=NN3C(=NN=C3SCC(=O)N)C=C2,0.11,Inactive,inactive,rf_v1
CID-4576724,CC1=CC(=C(C=C1)OC)NC(=O)C2=NC(=CC=C2)C(=O)NC3=C(C=CC(=C3)C)OC,0.09,Inactive,inactive,rf_v1
CID-1643509,CCOC(=O)C1=CN=C2C(=C1NCCCN3CCOCC3)C=CC=C2C(F)(F)F,0.06,Inactive,inactive,rf_v1
CID-2012947,C1=CC=C2C(=C1)N=C(S2)C3=CC=C(O3)C=C4C(=O)N(C(=S)S4)CCCC(=O)O,0.09,Inactive,inactive,rf_v1
CID-763448,C1=CC=C2C(=C1)NC(=N2)C3=CC=C(C=C3)NC(=O)C4=CC=CO4,0.18,Inactive,inactive,rf_v1
CID-869523,CCOC1=CC=CC=C1OCCN2CCCC2,0.01,Inactive,inactive,rf_v1
CID-2812759,CC(C)(C)C1=CC=C(C=C1)NC(=O)NC2=NC3=CC=CC=C3C=C2,0.28,Inactive,inactive,rf_v1
CID-3138277,C1C(OC2=CC=CC=C2O1)C(=O)NC3=CC(=CC=C3)Cl,0.14,Inactive,inactive,rf_v1
CID-7659976,CC1=CC(=CC=C1)NC(=O)NC(C)C(=O)O,0.05,Inactive,inactive,rf_v1
CID-2992776,CCOC1=C(C=C(C=C1)C2=NOC(=N2)CCC(=O)NC3CCCCC3)OC,0.02,Inactive,inactive,rf_v1
CID-734032,C1CCN(C1)C2=C(C(=O)N(C2=O)C3=CC=C(C=C3)F)Cl,0.05,Inactive,inactive,rf_v1
CID-656100,C1CCC(C1)NC(=O)C(C2=CC=CC=C2F)N(C3CCCC3)C(=O)C4=CC=CO4,0.05,Inactive,inactive,rf_v1
CID-5755111,CC1=CC=C(C=C1)C(=O)NC(=CC2=CC=CC=C2)C(=O)NCC3CCCO3,0.16,Inactive,inactive,rf_v1
CID-656161,COC1=CC=CC(=C1)N2C(=NN=C2SCC(=O)O)C3=CN=CC=C3,0.06,Inactive,inactive,rf_v1
CID-2208343,CC1=C(C(=CC=C1)NC=CC(=O)C2=CC=CS2)C,0.1,Inactive,inactive,rf_v1
CID-9550752,CC1=C(C(=NC2=CC(=NN12)C3=CC=CC=C3)C)CCC(=O)NCC4=CC=CO4,0.03,Inactive,inactive,rf_v1
CID-135417576,CC1=NN2C3=C(C(C4=C(N3)CC(CC4=O)(C)C)C5=CC=C(C=C5)F)C(=O)NC2=N1,0.07,Inactive,inactive,rf_v1
CID-2142782,C1=CC=C(C=C1)C2=NN(C=C2CNC(=O)C3=CC=C(C=C3)[N+](=O)[O-])C4=CC=CC=C4,0.06,Inactive,inactive,rf_v1
CID-1280377,COC1=C(C=C(C=C1)CCN(CC2=NC(=NO2)C3=CC=CC=C3)CC4=NC(=NO4)C5=CC=CC=C5)OC,0.08,Inactive,inactive,rf_v1
CID-24762038,CC1=C(C=CC(=C1)[N+](=O)[O-])NC(=O)C(=O)CC(=O)C2=CC=C(C=C2)OC,0.04,Inactive,inactive,rf_v1
CID-4202536,CC(C)OCCCNC(=O)CCCC(=O)NC1=CC=C(C=C1)OCCC2=CC=CC=C2,0.05,Inactive,inactive,rf_v1
CID-563547,CN1C2=CC=CC=C2N(C1=O)CC3=CC=CC=C3,0.03,Inactive,inactive,rf_v1
CID-1004173,CC1=CC(=C(N1C2=CC=CC=N2)C)C=C3C(=O)N(C(=O)N3)CC4=CC=CC=C4F,0.07,Inactive,inactive,rf_v1
CID-16190929,CC(C)C1=NC(=CS1)C(=O)N2CCCC(C2)CCC(=O)NCC3=CC(=CC=C3)OC,0.06,Inactive,inactive,rf_v1
CID-2856131,C1COC2=C(O1)C=CC(=C2)S(=O)(=O)NCCCCCC(=O)O,0.16,Inactive,inactive,rf_v1
CID-3247127,CN(C)C(=O)C1=CC2=C(N1CCC3=CC(=C(C=C3)OC)Br)CC4C2C(N(C4)C(=O)C5=CC=CC=C5)(CC6=CC=C(C=C6)F)C(=O)OC,0.04,Inactive,inactive,rf_v1
CID-2952201,CN1C(=O)C2=CC=CC=C2C(=N1)C3=CC=C(C=C3)C(=O)NCC4CCCO4,0.04,Inactive,inactive,rf_v1
CID-2016236,CN1C(=C(SC1=S)C(=O)NC2=C(C=CC=C2Cl)Cl)N,0.09,Inactive,inactive,rf_v1
CID-2962844,CC(C(=O)N1CCOCC1)N2C3=CC=CC4=C3C(=CC=C4)S2(=O)=O,0.04,Inactive,inactive,rf_v1
CID-6464369,CN1C(=C(C=N1)Cl)C(=O)N2CCN(CC2)S(=O)(=O)C3=CC=C(C=C3)F,0.16,Inactive,inactive,rf_v1
CID-135471693,CC1=CC(=O)NC2=C1C(=NN2C3CCOC(C3)(C)C)C,0.03,Inactive,inactive,rf_v1
CID-2953548,COC1=CC=C(C=C1)OCCC(=O)NCC23CC4CC(C2)CC(C4)C3,0.03,Inactive,inactive,rf_v1
CID-3240184,COC1=CC(=C(C=C1)NC(=O)CN2C(=C(N=N2)C(=O)N)N)OC,0.1,Inactive,inactive,rf_v1
CID-2433875,CC1=CN=C(C=N1)C(=O)OCC(=O)NC(C)C,0.02,Inactive,inactive,rf_v1
CID-2920902,COC1=C(C=C(C=C1)CCNC(=O)C2CCN(CC2)S(=O)(=O)C3=CC(=C(C=C3)OC)OC)OC,0.02,Inactive,inactive,rf_v1
CID-6620510,CC1=C(N=C(O1)C2=CC(=C(C=C2)OC)OC)CSCC(=O)NC3CCN(CC3)CC4=CC=CC=C4,0.05,Inactive,inactive,rf_v1
CID-3630435,CC1CN(CC(O1)C)C(=O)COC(=O)C2=CC(=C(C=C2)[N+](=O)[O-])C,0.11,Inactive,inactive,rf_v1
CID-2908193,C1COCCN1CCN2C(C(=C(C2=O)O)C(=O)C3=CC=CS3)C4=CC(=CC=C4)Br,0.12,Inactive,inactive,rf_v1
CID-2946244,COC1=CC(=CC(=C1)NC(=S)N2CCCC(C2)CO)OC,0.02,Inactive,inactive,rf_v1
CID-677049,C1=CC=C2C(=C1)N=C(S2)SCC(=O)NC3=NC=CS3,0.03,Inactive,inactive,rf_v1
CID-5331822,COC1=CC(=C(C=C1)C=NNC(=O)CN2CCSCC2)OC,0.02,Inactive,inactive,rf_v1
CID-9689739,C1=CC=NC(=C1)C=NNC(=O)CC2=CC=C(C=C2)F,0.01,Inactive,inactive,rf_v1
CID-933855,C1=CC(=CC(=C1)F)CSC2=NN=C(N2N)C3=CC=NC=C3,0.02,Inactive,inactive,rf_v1
CID-1254653,COC1=CC(=C(C=C1)OC)S(=O)(=O)N2C3=C(C=C(C=C3)Cl)N=N2,0.17,Inactive,inactive,rf_v1
CID-1340199,CC1=CC(=C(C(=C1)C)CSC2=NC=C(N2)C3=CC=C(C=C3)[N+](=O)[O-])C,0.05,Inactive,inactive,rf_v1
CID-1287648,CCOC(=O)CON1C2=CC=CC=C2[N+](=C(C1=O)C3=CC=C(C=C3)F)[O-],0.1,Inactive,inactive,rf_v1
CID-840930,CCCC1CCC(=C(C#N)C(=O)N)CC1,0.02,Inactive,inactive,rf_v1
CID-1486608,C1=CC=C(C=C1)SC2=NC3=C(C=C(C=C3)Cl)N4C2=NN=C4C(F)(F)F,0.09,Inactive,inactive,rf_v1
CID-3243621,COC1=CC(=CC(=C1)C(=O)NCC2=NNC(=S)N2C3=CC=CC=C3)OC,0.05,Inactive,inactive,rf_v1
CID-286547,CN1CCN(CC1)C2=CC=CC=C2N,0.04,Inactive,inactive,rf_v1
CID-2959558,CCOC(=O)N1CCN(CC1)C(=O)COC2=C(C3=CC=CC=C3C=C2)Br,0.07,Inactive,inactive,rf_v1
CID-17578561,CC(C(=O)NCCC1=CC=CC=C1)NC(=O)C2CC(=O)N(C2)C3=CC=C(C=C3)OC,0.04,Inactive,inactive,rf_v1
CID-15945485,CC1=CC(=C(C=C1)C)CSC2=NC3=C(N2CC(=O)NC4=CC(=CC(=C4)C)C)C=NC=C3,0.1,Inactive,inactive,rf_v1
CID-54682195,CC1=CC=C(C=C1)C2C(C(=C(C(C2(C#N)C#N)C3=CC=C(C=C3)C)C(=O)OC)O)C(=O)OC,0.32,Inactive,inactive,rf_v1
CID-16285974,CC1=CC(=NO1)C(=O)NCC(C2=CC=C(C=C2)OC)N(C)C,0.0,Inactive,inactive,rf_v1
CID-651976,CC(C)(C)N1C(=NN=N1)C(C2=CC3=CC4=C(C=C3NC2=O)OCCO4)N5CCSCC5,0.06,Inactive,inactive,rf_v1
CID-3677484,COC1=CC=C(C=C1)OCCC(=O)OCC(=O)NC2CCCCCCC2,0.02,Inactive,inactive,rf_v1
CID-659924,C1OC2=C(O1)C=C(C=C2)NC(=O)C3=CC(=CN=C3)Br,0.1,Inactive,inactive,rf_v1
CID-2986294,CCC(=O)NC1=CC=C(C=C1)C(=O)NCCCN2C=CN=C2,0.07,Inactive,inactive,rf_v1
CID-856640,CC1=CC=C(C=C1)N2C(=NN=C2SCC(=O)NC)C3=CN=CC=C3,0.04,Inactive,inactive,rf_v1
CID-2897724,CC1=C(C=C(C=C1)S(=O)(=O)N(CC(=O)NC2=CC=CC=C2C(=O)O)C3=CC=C(C=C3)OC)[N+](=O)[O-],0.26,Inactive,inactive,rf_v1
CID-658921,C1=CC=C(C=C1)N2C(=C(C3=NC4=CC=CC=C4N=C32)C#N)NC(=O)C5=CC=C(O5)Br,0.31,Inactive,inactive,rf_v1
CID-1937572,CC1=C(C(=O)N(N1C)C2=CC=CC=C2)NC(=O)CSC3=NN=C(S3)N,0.03,Inactive,inactive,rf_v1
CID-9551359,CC1=C(C(=NN1C)C)S(=O)(=O)N(CC(=O)NCC2=CC=CC=C2)C3=CC=C(C=C3)OC,0.05,Inactive,inactive,rf_v1
CID-9599690,CC(C)N(C(C)C)C(=O)CC(=NNC(=O)COC1=C(C=C(C=C1)Cl)Cl)C,0.04,Inactive,inactive,rf_v1
CID-4907886,COC1=C(C(=C2C=C(NC2=C1)C(=O)N3CCN(CC3)C4=CC=CC=C4F)OC)OC,0.12,Inactive,inactive,rf_v1
CID-2059978,C1CCC(CC1)(C#CC2=CC=C(C=C2)C(=O)N3CCOCC3)O,0.03,Inactive,inactive,rf_v1
CID-16192384,CC1=CC(=CC=C1)N2C=CN=C2CN3CCC(CC3)(CC4=CC=CC=C4)CO,0.04,Inactive,inactive,rf_v1
CID-24792753,CCOC(=O)C1C2COC3=CC=CC=C3C2N4C1(C(=O)N(C4=O)C5=CC=C(C=C5)F)C,0.13,Inactive,inactive,rf_v1
CID-2990591,CC1CCCCN1S(=O)(=O)CC2=CC=CC=C2Cl,0.04,Inactive,inactive,rf_v1
CID-5674849,CC1=C(C=CC=C1Cl)NC(=NS(=O)(=O)C2=CC=CS2)SC,0.08,Inactive,inactive,rf_v1
CID-2255837,CC1(C2=CC=CC=C2N(C1=CC=NC3=CC4=CC=CC=C4C=C3)C)C,0.1,Inactive,inactive,rf_v1
CID-3635236,C=CCNC(=S)NC1=CC(=C(C=C1)N2CCOCC2)S(=O)(=O)NC3=CC=CC=C3Cl,0.12,Inactive,inactive,rf_v1
CID-2831576,CC1=CC(=C(C(=C1)C)NC(=O)CN(C)CCC2=CC(=C(C=C2)OC)OC)C.Cl,0.04,Inactive,inactive,rf_v1
CID-4902523,CCCC1=CC(=O)OC2=C1C=CC(=C2)OCC(=O)NCC3=CC=CC=N3,0.05,Inactive,inactive,rf_v1
CID-3241610,CC(C)C(=O)N(C1=CC2=C(C=C1)OC(=O)S2)S(=O)(=O)C3=CC=CS3,0.1,Inactive,inactive,rf_v1
CID-5706991,CC1(C=C(NC(=N1)SC)C=CC2=C(C=CC=C2Cl)Cl)C,0.25,Inactive,inactive,rf_v1
CID-5886823,CCC1CSC(=N1)NC2=CC=C(C=C2)C(=O)C=CC3=CC=C(C=C3)OC4=CC=CC=C4,0.13,Inactive,inactive,rf_v1
CID-1380841,COC1=CC=CC=C1N2C(=O)CC(=O)NC2=O,0.11,Inactive,inactive,rf_v1
CID-2802225,CCOC1=CC=C(C=C1)N2CC3=C(C=CC(=C3)OCC)N=C2,0.06,Inactive,inactive,rf_v1
CID-719217,CCOC(=O)CSC1=NC2=C(C(=C(S2)C)C)C(=O)N1,0.03,Inactive,inactive,rf_v1
CID-1772270,CCCCCCCCC1=NC(=S)NN1,0.04,Inactive,inactive,rf_v1
CID-658246,CCOC1=NC(=NC(=N1)N(C)C)SCCOC2=CC=CC=C2,0.03,Inactive,inactive,rf_v1
CID-17531182,CC1=C(C(=CC=C1)NS(=O)(=O)C2=CC=C(C=C2)C(=O)NCC(C3=CC=CO3)N(C)C)C,0.35,Inactive,inactive,rf_v1
CID-5200231,C1=CC=C(C=C1)COC2=CC=C(C=C2)C3=NN(N=N3)CC(=O)O,0.1,Inactive,inactive,rf_v1
CID-649770,CCOC(=O)C1=C(SC(=C1C)C)NC(=O)CSC2=NN=C(O2)CNC3=CC=C(C=C3)F,0.07,Inactive,inactive,rf_v1
CID-6621289,C1=CC=C(C=C1)OC2=CC=C(C=C2)NC(=O)C3=CC=C(C=C3)CN4C(=O)C5=C(C=CS5)NC4=O,0.09,Inactive,inactive,rf_v1
CID-665062,CN1C2=C(C=C(C=C2)Br)N=C1C3=CC=C(O3)Br,0.06,Inactive,inactive,rf_v1
CID-24789651,CCOC(=O)N1CCN(CC1)C(=O)CNC(=O)C2=NN(C(=O)C3=CC=CC=C32)C4=CC(=C(C=C4)OC)OC,0.17,Inactive,inactive,rf_v1
CID-1248008,C1=CC=C(C=C1)SC2=CC=CC=C2NC(=O)CC3=CC=C(C=C3)F,0.04,Inactive,inactive,rf_v1
CID-8484069,CC(=O)C1=CC=C(C=C1)NC(=O)CSC2=NN=C(S2)NC(=O)C3=CC=CO3,0.06,Inactive,inactive,rf_v1
CID-2894533,C1CC(CN(C1)C(=O)C2=CC=C(C=C2)F)C3=CC=CC=C3,0.05,Inactive,inactive,rf_v1
CID-16187840,CC1=CC=C(O1)C2=CC=CC=C2C3CC4CN(C(=O)C45N3CCC5)C,0.07,Inactive,inactive,rf_v1
CID-135490411,CC1=CC(=C(C=C1)C)NC(=O)CCC(=O)NN=CC2=CC=CN2,0.02,Inactive,inactive,rf_v1
CID-1245041,CC1=C(C=C(C=C1)C(=O)O)C2=CC=C(O2)C=C3C(=O)C4=CC=CC=C4C3=O,0.14,Inactive,inactive,rf_v1
CID-12004507,CC1=CC=C(C=C1)CNC(=O)CN2C(=O)C3=C(C=CS3)N(C2=O)CC4=CC=C(C=C4)[N+](=O)[O-],0.03,Inactive,inactive,rf_v1
CID-2642420,C1CN(CCC1C(=O)OCC(=O)NC2=C(C=C(C=C2)F)F)S(=O)(=O)C3=CC=CS3,0.02,Inactive,inactive,rf_v1
CID-4091590,CC1=CN2C(=NC(=C2NC3=CC=CC=C3C)C4=CC=CC=N4)C=C1,0.17,Inactive,inactive,rf_v1
CID-8956,CC(C1CCC2C1(CCC3C2CCC4=CC(=O)CCC34C)C)O,0.07,Inactive,inactive,rf_v1
CID-3782612,CCN(CC)C(=O)CSC1C2=CC=CC=C2C(=O)N1C3=CC=CC=C3,0.07,Inactive,inactive,rf_v1
CID-3218162,CC1=CC=C(C=C1)NC(=S)NC2CC3CCCC(C2)N3CC4=CC=CO4,0.11,Inactive,inactive,rf_v1
CID-9551266,CC1(CC2=C(C=NN2C3=CC=CC=C3)C(=O)C1=NNC(=O)C4=CC=CC=C4N)C,0.11,Inactive,inactive,rf_v1
CID-1242271,CC1=C(SC2=C1C(=O)N(C(=N2)SCC3=NC4=CC=CC=C4N3)CC5=CC=CO5)C,0.17,Inactive,inactive,rf_v1
CID-2933812,C1CCN(C1)C(=O)C2CCCN(C2)CC3=CC4=C(C=C3)OCO4.C(=O)(C(=O)O)O,0.01,Inactive,inactive,rf_v1
CID-5143875,CC1=CC2=C(C=C1)N=C(S2)C3=CC=C(C=C3)N4C(=O)CC(C4=O)N5CCN(CC5)CCO,0.07,Inactive,inactive,rf_v1
CID-2094790,C1=CC(=CC=C1NC(=O)CC2=CC(=C(C=C2)Cl)Cl)SC(F)F,0.14,Inactive,inactive,rf_v1
CID-1362561,CCC(=O)NC1=CC=C(C=C1)NC(=S)NC(=O)C=CC2=CC=CC=C2,0.13,Inactive,inactive,rf_v1
CID-1523543,CC1=C(SC2=C1CN(CN2C(=O)C3=CC=CO3)CC4=CC=NC=C4)C,0.07,Inactive,inactive,rf_v1
CID-3239480,CC1=CC=C(C=C1)N(CC(=O)NC2=CC(=CC=C2)OC)S(=O)(=O)C3=C(N(N=C3C)C)C,0.08,Inactive,inactive,rf_v1
CID-2463285,CC1=CC(=C(N1CC2=CC=CC=C2)C)C3=CSC(=N3)NC(=O)C4=CC=C(C=C4)NC(=O)C,0.08,Inactive,inactive,rf_v1
CID-24792336,COC1=CC=C(C=C1)S(=O)(=O)N2CCN(CC2)C3CC4CCC3C4.C(=O)(C(=O)O)O,0.08,Inactive,inactive,rf_v1
CID-2855603,CC1=C(C(NC(=O)N1)C2=CC(=C(C(=C2)OC)OC)OC)C(=O)OCC3CCCO3,0.02,Inactive,inactive,rf_v1
CID-56642831,CC(C)O.COC1=C(C=CC(=C1)C=NNC(=O)C2=CC=C(C=C2)O)OC3=NC=C(C=C3)[N+](=O)[O-],0.2,Inactive,inactive,rf_v1
CID-867361,C1COCCN1CCOC2=CC=CC=C2[N+](=O)[O-],0.05,Inactive,inactive,rf_v1
CID-2731347,CN(C)C(=S)NC1=CC=C(C=C1)N2CCOCC2,0.02,Inactive,inactive,rf_v1
CID-6403209,CN1C2=CC=CC=C2C3=C1N=C(N=N3)SCC(=O)NCC4=COC=C4,0.05,Inactive,inactive,rf_v1
CID-22550731,CC1=CC2=C(C=C1S(=O)(=O)NC3=CC(=C(C=C3)OC)OC)OCCN2C(=O)C,0.1,Inactive,inactive,rf_v1
CID-3238681,CC1=CC(=NC2=C3C(=NC(=NC3=NN12)N4CCCC4)C5=CC=CC=C5)C,0.06,Inactive,inactive,rf_v1
CID-727196,C1=CC(=CC=C1C2=CC(=NC(=N2)N)C(F)(F)F)Br,0.03,Inactive,inactive,rf_v1
CID-861915,CCN(CC)C(=O)CSC1=NN=C(O1)C2=CC=CO2,0.04,Inactive,inactive,rf_v1
CID-1245299,CCC1=NOC(=C1C(=O)N2CCOCC2)C,0.04,Inactive,inactive,rf_v1
CID-262953,C1=CC=C(C(=C1)C2=NC3=CC=CC=C3NC2=O)N,0.05,Inactive,inactive,rf_v1
CID-738686,CC1=C(C=CC=C1[N+](=O)[O-])C(=O)NC2=CC=C(C=C2)N3CCOCC3,0.07,Inactive,inactive,rf_v1
CID-953199,CC1=NC(=CS1)C2=CN=C(N=C2C3=C(C(=C(C=C3)OC)OC)O)N,0.14,Inactive,inactive,rf_v1
CID-3188539,CCN(CC)S(=O)(=O)C1=CC=C(C=C1)S(=O)(=O)N2CCCC(C2)C(=O)OCC,0.01,Inactive,inactive,rf_v1
CID-9584195,C1=CC=NC(=C1)S(=O)(=O)CC2=CC(=CC=C2)C(=NO)N,0.19,Inactive,inactive,rf_v1
CID-16240108,CCN(CC)CCNC(=O)C1=CC=C(C=C1)NC(=O)C2=CC(=C(C=C2)Cl)S(=O)(=O)N3CCCCCC3.Cl,0.07,Inactive,inactive,rf_v1
CID-3762689,CC1=C(C=C(C=C1)OCC(=O)N(CC2=CC=C(C=C2)N(C)C)C3CCS(=O)(=O)C3)C,0.17,Inactive,inactive,rf_v1
CID-761224,CCN(CC)C(=S)NC1=C(N(N(C1=O)C2=CC=CC=C2)C)C,0.02,Inactive,inactive,rf_v1
CID-718033,CC1=C(C=C(C=C1)OCCN2C=CC(=O)NC2=O)C,0.03,Inactive,inactive,rf_v1
CID-4345007,CCC(C1=CC=CC=C1)C(=O)OCC(=O)NC2=C(C=CC(=C2)Cl)Cl,0.09,Inactive,inactive,rf_v1
CID-2450669,CCC(=O)C1=CC=C(C=C1)OCC(=O)N(C)CC(=O)NC2=CC(=CC=C2)F,0.07,Inactive,inactive,rf_v1
CID-135455150,CC(C)C1=CC2=C(C=C1)N=C(NN=C2C3=CC=CS3)C4=CC=NC=C4,0.06,Inactive,inactive,rf_v1
CID-1644659,CC1=CC(=C(C=C1)OCCCC(=O)NC2=CC=C(C=C2)N3CCOCC3)C,0.15,Inactive,inactive,rf_v1
CID-567816,C1COCCN1CCSC2=C3C(=C(SC3=NS2)C(=O)C4=CC=CC=C4)N,0.05,Inactive,inactive,rf_v1
CID-3515437,CCC(C)(C(=O)NC1CCCC1)N(C)C(=O)C2=CC=CC=N2,0.02,Inactive,inactive,rf_v1
CID-5308376,CN1C2=C(C=C(S2)C(=O)NCCCN3CCCC3)C(=N1)C4=CC=C(C=C4)Cl,0.01,Inactive,inactive,rf_v1
CID-2955683,CC(C1=CC(=C(C=C1)OC)OC)NC(=O)NC2=CC=C(C=C2)C(=O)C,0.02,Inactive,inactive,rf_v1
CID-2812586,C1CN(CCN1CC2=CC3=C(C=C2)OCO3)CC4=C(NN=C4)C5=CC=CC=C5,0.07,Inactive,inactive,rf_v1
CID-6156017,COC1=C(C=C(C=C1)CNC(=O)C=CC2=CC=CO2)OC,0.09,Inactive,inactive,rf_v1
CID-4566424,C1=CC=NC(=C1)C2=NN=C(O2)SCC(=O)NC3=CC=C(C=C3)F,0.06,Inactive,inactive,rf_v1
CID-641098,C1=CC=C(C=C1)C=CC2=CC=NC=C2,0.03,Inactive,inactive,rf_v1
CID-2100886,CC1=CC(=CC(=C1)NC(=O)COC(=O)C2=CC(=O)NC(=O)N2)C,0.01,Inactive,inactive,rf_v1
CID-2275810,CC1=C(C=C(C=C1)N2C(=O)C(=CC=CC3=CC=CO3)C(=O)NC2=O)C,0.11,Inactive,inactive,rf_v1
CID-5057277,COC1=CC(=C(C=C1)CNC(=O)CCSCC2=CC(=CC=C2)Cl)OC,0.0,Inactive,inactive,rf_v1
CID-1006693,CC(C)CNS(=O)(=O)C1=CC=C(C=C1)CCC(=O)NCCC2=CCCCC2,0.06,Inactive,inactive,rf_v1
CID-973131,C1CCC(CC1)NC(=O)COC2=C(C=C(C=C2)Cl)[N+](=O)[O-],0.05,Inactive,inactive,rf_v1
CID-309498,CC1=C(C=CC(=C1)OCCCCOC2=CC=C(C=C2)C#N)[N+](=O)[O-],0.03,Inactive,inactive,rf_v1
CID-660446,CC(C)N=C(NC#N)SCC1=CC=C(C=C1)F,0.05,Inactive,inactive,rf_v1
CID-794779,C1=CC=C(C(=C1)NC2=C(C(=O)N3C=CC=CC3=N2)C=O)Cl,0.09,Inactive,inactive,rf_v1
CID-24818928,CCOC1=CC=CC(=C1)CN2CCC(CC2)N3C(=CC=N3)NC(=O)CCCC4=CC=CC=C4,0.04,Inactive,inactive,rf_v1
CID-650527,CC(C(=O)NCC1CCCO1)OC(=O)C2=CC=CS2,0.02,Inactive,inactive,rf_v1
CID-1246438,CC1=CC(=C(S1)NC(=O)C2=CC=CO2)C(=O)OC,0.38,Inactive,inactive,rf_v1
CID-23723602,CC1=CC=CC=C1CCN2CCCC(C2)CN(C)CC3=CC(=CC=C3)C(=O)C,0.07,Inactive,inactive,rf_v1
CID-3242601,C1=CC=C(C=C1)C(=O)NN2C(=O)C3=C(C=CS3)NC2=O,0.05,Inactive,inactive,rf_v1
CID-9689263,CC1=CC=CC=C1OCC(=O)NN=CC=CC2=CC=CC=C2,0.07,Inactive,inactive,rf_v1
CID-54686079,CC(C)C1=CC(=C(C(=O)N1C2=CC=CC=C2)C(=O)C)O,0.24,Inactive,inactive,rf_v1
CID-2939732,CC1=CC(=NC(=N1)SC)OC2=NN=C(C=C2)OCC(=O)N,0.14,Inactive,inactive,rf_v1
CID-813516,C1=CC=C(C(=C1)C(=O)NC2=CC3=C(C=C2)N=CC=C3)Br,0.18,Inactive,inactive,rf_v1
CID-5207438,C1=CC(=CN=C1)C(=O)OC2=CC3=C(C=C2)C=C(C=C3)Br,0.05,Inactive,inactive,rf_v1
CID-747441,CC1=NC2=CC=CC=C2C(=O)N1NC(=O)C3=CC=CO3,0.04,Inactive,inactive,rf_v1
CID-2939107,CC1=C(C(=CC=C1)OC(=O)CCN2C(=O)C3C4C=CC(C3C2=O)C5C4C5)C,0.08,Inactive,inactive,rf_v1
CID-135401417,CCCCC1=C(N=C2N(C1=O)C=CS2)O,0.0,Inactive,inactive,rf_v1
CID-832016,CN1C(=C(C=N1)[N+](=O)[O-])C(=O)NC2=CC3=C(C=C2)OCCO3,0.19,Inactive,inactive,rf_v1
CID-2967964,CCCSC1=NN=C2N1C(=CC(=N2)C)C,0.02,Inactive,inactive,rf_v1
CID-2575423,CC1=CC=CC=C1NC2=NC(=NC(=N2)N)CSC3=NC4=CC=CC=C4C(=O)N3CCCO,0.19,Inactive,inactive,rf_v1
CID-16194114,COC1=CC=CC(=C1)C2=NOC(C2)C(=O)NC3=C(N=CC=C3)Cl,0.14,Inactive,inactive,rf_v1
CID-800191,CC(C)C1=CC=C(C=C1)NCCC(=O)C2=CC=CS2,0.04,Inactive,inactive,rf_v1
CID-2214584,C1CCC(C1)OC2=CC=C(C=C2)CNCCO,0.03,Inactive,inactive,rf_v1
CID-20889696,CCCN1CCN(CC1)CCCNC(=O)C2=CC3=C(C=C2)N=C(S3)N4CCC(CC4)C,0.02,Inactive,inactive,rf_v1
CID-666363,COC1=CC=CC=C1C2=NOC(=N2)CCC(=O)NC3=CC=CC(=C3)C(F)(F)F,0.08,Inactive,inactive,rf_v1
CID-2019974,CC1(CC2=C(CO1)SC3=C2C(=O)N(N=N3)CC(=O)NC4=CC=CC=C4OC)C,0.08,Inactive,inactive,rf_v1
CID-20865767,CCC(C)NC(=O)C(CC1=CC=CC=C1)NS(=O)(=O)C2=CC3=C(C=C2)NC(=O)CC3,0.07,Inactive,inactive,rf_v1
CID-856690,CC1=CC(=C2C=C3C(=C(SC3=NC2=C1)C(=O)N4CCOCC4)N)C,0.06,Inactive,inactive,rf_v1
CID-2983262,CC1=CC=C(C=C1)OC(C)C(=O)NC2=CC=C(C=C2)S(=O)(=O)NC3=NC=CS3,0.66,Active,inactive,rf_v1
CID-5332740,C1=CC=C(C=C1)C(=NOC(=O)C2=CC=CS2)N,0.07,Inactive,inactive,rf_v1
CID-24818491,COC1=CC(=C(C=C1)OC)NC(=O)NC2=NC=CN=C2,0.01,Inactive,inactive,rf_v1
CID-6457151,CN1CCN(CC1)C2=C(C=C(C=C2)C(=O)OC)NC(=O)COC3=CC=CC=C3,0.06,Inactive,inactive,rf_v1
CID-3206898,CC1=CC=C(C=C1)S(=O)(=O)NCC(=O)N(CC2=CC=C(C=C2)F)CC(=O)NCC3=CC=CO3,0.08,Inactive,inactive,rf_v1
CID-3979641,COC1=CC=CC=C1OCC(=O)NCCCN2C=CN=C2,0.05,Inactive,inactive,rf_v1
CID-2772428,CC1=CC(=NC(=N1)SC(C)C(=O)O)C,0.0,Inactive,inactive,rf_v1
CID-9551565,C1CN(CCN1CC2=CC=CC=C2)CC(COCC3=CC4=C(C=C3)OCO4)O.Cl,0.04,Inactive,inactive,rf_v1
CID-651766,CCCOC(=O)C1=C(NC2=C(C1C3=CC=CS3)C(=O)CCC2)C,0.1,Inactive,inactive,rf_v1
CID-6153160,C1=CC=C(C(=C1)C(=O)OC2=CC=C(C=C2)C=NNC(=O)C3=CC=C(C=C3)N)Cl,0.09,Inactive,inactive,rf_v1
CID-666706,COCCN1CCN2C(=NC3=C2C=CC(=C3)NC(=O)NC4CCCCC4)C1,0.02,Inactive,inactive,rf_v1
CID-486277,C1=CC2=C(N=C1)N=C(O2)C3=CC=C(C=C3)N,0.02,Inactive,inactive,rf_v1
CID-3471388,CN(C)CCN=CC1=C(N(C(=S)NC1=O)CC2=CC3=C(C=C2)OCO3)O,0.02,Inactive,inactive,rf_v1
CID-3219705,COC1=CC=CC=C1NC(=O)N2CCCC2C(=O)NCC3=CC4=C(C=C3)OCO4,0.05,Inactive,inactive,rf_v1
CID-650090,CN1C2=C(C(=O)N(C1=O)C)N(C(=N2)SCC(=O)C3=CC=CS3)CC4=CC=C(C=C4)F,0.17,Inactive,inactive,rf_v1
CID-24761482,CC1CCN(CC1)CCCCOC2=CC=C(C=C2)C.C(=O)(C(=O)O)O,0.03,Inactive,inactive,rf_v1
CID-1467684,C1CCC(C1)NC(=O)CN(CC2=CC=CS2)C(=O)C3=CSN=N3,0.07,Inactive,inactive,rf_v1
CID-766246,C1=CC=C(C=C1)N2C(=C(NC2=O)Cl)C=O,0.03,Inactive,inactive,rf_v1
CID-23603067,CCOC(=O)C1CCN(CC1)C(=O)CCS(=O)(=O)C2=CC3=C(C=C2)N(C(=O)C(=O)N3C)C,0.06,Inactive,inactive,rf_v1
CID-3326392,C1CC2=C(C(CC(=O)N2C3=CC=CC=C3F)C4=CSC=C4)C(=O)C1,0.15,Inactive,inactive,rf_v1
CID-1002180,COC1=C(C=C(C=C1)C(=O)NC2=CC=C(C=C2)C3=NNC(=S)O3)OC,0.19,Inactive,inactive,rf_v1
CID-4650688,CC1(C2CCC1(C(=O)C2)CS(=O)(=O)NC3CCCC3)C,0.01,Inactive,inactive,rf_v1
CID-24793265,CCN1C=C(C=N1)CN2CCCC(C2)CNS(=O)(=O)C3=CC=CC4=C3N=CC=C4,0.02,Inactive,inactive,rf_v1
CID-11834461,CC1=C(C=C(C=C1)Cl)NC2=CC(=NS(=O)(=O)C3=CC=CS3)C4=CC=CC=C4C2=O,0.16,Inactive,inactive,rf_v1
CID-663995,COC1=CC2=C(C=C1)NC3=C2N=CN=C3NCCN4CCCCC4,0.02,Inactive,inactive,rf_v1
CID-2547209,CC(C(=O)NCC1=CC=CO1)NC(=O)C2=CC(=C(C(=C2)OC)OC)OC,0.18,Inactive,inactive,rf_v1
CID-16188103,C[N+]1=C(SC2=C1C=C(C=C2)OC)C=CC3=CC=CC=C3O.[I-],0.03,Inactive,inactive,rf_v1
CID-664882,CC1=CC2=C(C=C1)NC(=O)C(=C2)CNC(C)C,0.06,Inactive,inactive,rf_v1
CID-665739,CC1CC2=NC(=NC=C2C(=O)C1)NC(=O)C3=CC(=CC=C3)OC,0.02,Inactive,inactive,rf_v1
CID-1481692,CCSC1=NC(=CC(=O)N1C2=CC=CC=C2)C(F)(F)F,0.04,Inactive,inactive,rf_v1
CID-1247755,COC1=CC(=C(C=C1)C(=O)N2CCN(CC2)C3CCCCC3)OC,0.09,Inactive,inactive,rf_v1
CID-15945714,C1CN=C(N1)NCC2=CC=CC=C2SC3=CC=CC=C3F.I,0.03,Inactive,inactive,rf_v1
CID-3246781,C1COCCN1C2=NC=C3C(=N2)CC(CC3=O)C4=CC=C(C=C4)F,0.05,Inactive,inactive,rf_v1
CID-9551590,COC1=CC=CC(=C1OC)C2C3=C(C(=O)N2CCN4CCOCC4)OC5=C(C3=O)C=C(C=C5)F,0.15,Inactive,inactive,rf_v1
CID-684731,COC1=CC=C(C=C1)CC2=NNC(=S)S2,0.03,Inactive,inactive,rf_v1
CID-1482625,C1=CC(=CC=C1C2=CSC(=N2)N3C(=C(C=N3)C(=O)O)C(F)(F)F)F,0.02,Inactive,inactive,rf_v1
CID-2541165,CC(=O)C1=CC(=C(C=C1)OC)COC(=O)CN2C=NC3=CC=CC=C3C2=O,0.25,Inactive,inactive,rf_v1
CID-2288052,CC1=C(C=C(C=C1)OCC(=O)NCCO)C,0.03,Inactive,inactive,rf_v1
CID-659061,CC(=C(C#N)C(=O)N)NCCN(C)C,0.06,Inactive,inactive,rf_v1
CID-2965581,CC1=CC2=C(C=C1)N=C(C=C2C(=O)NC3=C(C=C4C5=CC=CC=C5OC4=C3)OC)C6=CC=NC=C6,0.05,Inactive,inactive,rf_v1
CID-879325,CC(=O)CC(=O)NC1=CC(=CC=C1)OC,0.02,Inactive,inactive,rf_v1
CID-16195961,C1COCCN1CCCNC(=O)C=CC2=CC=C(O2)Br.Cl,0.05,Inactive,inactive,rf_v1
CID-5032456,CC(C(=O)N)OC(=O)C1=CC=CC=C1OCC2=CC=C(C=C2)Cl,0.1,Inactive,inactive,rf_v1
CID-9550954,C1=CC2=C(C=NN2C=C1)C(=O)NCC3=CC=C(C=C3)F,0.04,Inactive,inactive,rf_v1
CID-1092651,CCN(CC)C1=NC(=NC(=N1)NC2=CC=CC=C2)OC3=NNC(=O)C=C3,0.02,Inactive,inactive,rf_v1
CID-1287856,CC(C)CNS(=O)(=O)C1=CC=C(C=C1)CCC(=O)N2CCC(CC2)C(=O)N,0.03,Inactive,inactive,rf_v1
CID-830763,CC1=C(C(=O)N(N1)C2=CC=CC=C2)C=NC3=CC4=CC=CC=C4N=C3,0.05,Inactive,inactive,rf_v1
CID-5106404,CNC(=O)CN(C1=CC(=C(C=C1Cl)Cl)OCCOC)S(=O)(=O)C2=CC=CC=C2,0.18,Inactive,inactive,rf_v1
CID-2817811,CCOC(=O)C(C1=CC=C(C=C1)N(C)C(=O)OCC)(C(F)(F)F)O,0.1,Inactive,inactive,rf_v1
CID-16195416,CN1C2=C(C=C(C=C2)S(=O)(=O)NCCN3CCN(CC3)C4=CC=CC=C4F)N(C(=O)C1=O)C,0.19,Inactive,inactive,rf_v1
CID-3274823,CCC1=CC(=C(C=C1OCC(=O)O)O)C(=O)CC2=NC3=CC=CC=C3S2,0.1,Inactive,inactive,rf_v1
CID-1301813,CN1C(=NN=N1)SCC(=O)NC2=CC=C(C=C2)OC3=CC=C(C=C3)Cl,0.06,Inactive,inactive,rf_v1
CID-2538305,CC1=C(C(=O)N(N1C)C2=CC=CC=C2)N3C(=O)C(=CC4=CC=C(C=C4)N(C)C)N(C3=S)C,0.2,Inactive,inactive,rf_v1
CID-2803167,C1C=CC2C1C3CC2C(C3)NC(=S)N,0.05,Inactive,inactive,rf_v1
CID-16011919,CC1=CC(=C(C(=C1)C)CN2C3=CC=CC=C3C4=C2C(=O)N(N=C4)CC(=O)NCC5=CC=CC=N5)C,0.27,Inactive,inactive,rf_v1
CID-5309436,CC1=CC=CC=C1NC(=O)C2CCCN2S(=O)(=O)C3=CC=CC4=C3N=CC=C4,0.04,Inactive,inactive,rf_v1
CID-3293548,C1C(=O)N(C(S1)C2=CN=CC=C2)C3=CC(=CC=C3)Cl,0.45,Inactive,inactive,rf_v1
CID-3656887,C1C2CC3CC1CC(C2)(C3)NC(=O)CSC4=NC=NN4,0.06,Inactive,inactive,rf_v1
CID-296597,CCN(CC)C(=O)CN1C=CC(=NC1=O)NC(=O)C,0.04,Inactive,inactive,rf_v1
CID-682264,CC1=C(C2=C(N=C1C)SC(=C2N)C(=O)C3=CC=CC=C3)C,0.09,Inactive,inactive,rf_v1
CID-749211,CC1=CC(=C(C=C1)C)NC(=O)CCN2C(=O)C3=CC=CC=C3C2=O,0.06,Inactive,inactive,rf_v1
CID-2009311,C1CC2=C(C1)C(=NC3=C2C4=C(S3)C(=NC=N4)SCC(=O)O)C5=CC=CC=C5,0.19,Inactive,inactive,rf_v1
CID-24791276,CC1=CC(=CC(=C1Cl)C)OCC2=CC(=NO2)C(=O)NCCN3CCCCC3CO,0.04,Inactive,inactive,rf_v1
CID-2366963,C1=CC=C2C(=C1)N=NN2OCC3=CC=C(C=C3)C#N,0.32,Inactive,inactive,rf_v1
CID-24818458,CC1=C(C(=CC=C1)NC(=O)NN2CCN(CC2)C)C,0.16,Inactive,inactive,rf_v1
CID-135421713,COC1=NC=NC(=C1)NN=CC2=CC=CC=C2O,0.03,Inactive,inactive,rf_v1
CID-923830,CN1C2=CC=CC=C2N=C1NC3=CC=C(C=C3)OC,0.02,Inactive,inactive,rf_v1
CID-2092263,CCN1C2=C(C=C(C=C2)NC(=O)CSC3=NN=C(N3CC4=CC=CO4)C5CC5)C6=CC=CC=C61,0.22,Inactive,inactive,rf_v1
CID-2835401,C1=CC(=CC=C1C(=O)O)S(=O)(=O)C2=CC=C(C=C2)SC3=CC(=C(C=C3)C(=O)O)C(=O)O,0.2,Inactive,inactive,rf_v1
CID-16193634,CC1(CCC(=O)N1CCC2=CC(=C(C=C2)OC)OC)C(=O)NC3CCCC3,0.01,Inactive,inactive,rf_v1
CID-3963383,C1=CC=C2C(=C1)C(=NS2(=O)=O)NN(CCC#N)C(=O)C3=CC=CC=C3Br,0.08,Inactive,inactive,rf_v1
CID-16034741,COC1=CC=CC(=C1)CNC(=O)CN2C=CC3=C2C=CC(=C3)S(=O)(=O)N4CCCC4,0.06,Inactive,inactive,rf_v1
CID-5307236,CC1=C(C(=NN1C)C)S(=O)(=O)N(CC(=O)NCC2=CC=CO2)C3=CC=C(C=C3)OC,0.13,Inactive,inactive,rf_v1
CID-3813305,COC1=CC=C(C=C1)C(C#N)C2=NNC(=O)C=C2,0.0,Inactive,inactive,rf_v1
CID-4349592,CC1=C(C=CC(=C1)[N+](=O)[O-])NC(=O)COC2=NSN=C2N3CCOCC3,0.02,Inactive,inactive,rf_v1
CID-22733,C1=CC=C2C(=C1)C(C(=O)N2)(CC3=CC=CC=N3)O,0.07,Inactive,inactive,rf_v1
CID-5307537,CN1C(=NN=C1SCC(=O)NCC2CCCO2)CN3C4=CC=CC=C4SC3=O,0.01,Inactive,inactive,rf_v1
CID-2974536,CC1=CC=C(C=C1)N2C(=O)CC(C2=O)CC3=CC(=CC(=C3)C)C,0.05,Inactive,inactive,rf_v1
CID-11325914,C[N+]1=CC=C(C=C1)C=CC2=CNC3=CC=CC=C32.[I-],0.04,Inactive,inactive,rf_v1
CID-20926913,CC1=C(C=CC(=C1)NC(=O)CN(C)S(=O)(=O)C2=CC=C(S2)C3=NNC(=O)C=C3)Br,0.22,Inactive,inactive,rf_v1
CID-6485210,CC1=CC(=CC=C1)C2=NOC(=N2)CN(C)C(=O)C3=C(OC=C3)C,0.1,Inactive,inactive,rf_v1
CID-2465885,C1CCCN(CC1)CC(=O)NCCN2C(=O)C(=CC3=CC=CC=C3Cl)SC2=O,0.04,Inactive,inactive,rf_v1
CID-1135870,C1COCCN1C2=C(C=C(C=C2)NC(=O)C3=CC=C(O3)[N+](=O)[O-])Cl,0.21,Inactive,inactive,rf_v1
CID-16194121,CCOC(=O)C(C)NC(=O)CN1C2=C(C=N1)C(=O)OC3=C2C=C(C=C3)C,0.08,Inactive,inactive,rf_v1
CID-20957074,COC1=CC=CC=C1NC(=O)CCC2=NN=C3N2N=C(C=C3)NCC4=CC=CO4,0.08,Inactive,inactive,rf_v1
CID-3222691,CC1=CC=C(C=C1)NC(=O)NC2(CCCCC2)C(=O)NCC3=CC=CC=C3,0.05,Inactive,inactive,rf_v1
CID-20884256,CC1=NN(C(=O)C2=CC3=C(N12)C=CS3)CC(=O)NCCN4CCOCC4,0.05,Inactive,inactive,rf_v1
CID-667263,C1=CN=CC=C1C2=C3C(C(=C(OC3=NN2)N)C#N)C4=CSC=C4,0.07,Inactive,inactive,rf_v1
CID-2176255,COC1=C(C=C(C=C1)N(CC(=O)NCCC2=CCCCC2)S(=O)(=O)C3=CC=CC=C3)OC,0.12,Inactive,inactive,rf_v1
CID-5944368,C1CS(=O)(=O)CC1NC(=O)COC(=O)C=CC2=CN(N=C2C3=CC4=C(C=C3)OCCO4)C5=CC=CC=C5,0.12,Inactive,inactive,rf_v1
CID-6881889,C1=CC=C(C=C1)C(C2=CC=CC=C2)C(=O)NCC(=O)NN=CC3=CN=CC=C3,0.04,Inactive,inactive,rf_v1
CID-5349789,CCOC1=C(C(=CC(=C1)C=NNC(=O)N)Br)OCC2=CC=CC=C2F,0.07,Inactive,inactive,rf_v1
CID-135517164,COC1=C(C=CC(=C1)C=NNC(=O)C2(C3=CC=CC=C3C4=CC=CC=C42)O)O,0.07,Inactive,inactive,rf_v1
CID-2124833,CCCCN(C1=C(N(C(=O)NC1=O)CCC)N)C(=O)CC(C2=CC=CC=C2)C3=CC=CC=C3,0.04,Inactive,inactive,rf_v1
CID-9169354,CC(=O)C1=CC(=C(C=C1)OC)CC(=O)NC2=CC=CC=C2C3=CC=CC=C3,0.18,Inactive,inactive,rf_v1
CID-886929,CC1=CC(=CC=C1)CN2C=NC3=CC=CC=C32,0.07,Inactive,inactive,rf_v1
CID-24687809,CCOC1=C(C=C(C=C1)NC(=O)CN(C)C(=O)C2=CN(N=C2C3=CC=CS3)C4=CC=CC=C4)OCC,0.07,Inactive,inactive,rf_v1
CID-667386,CC1=CC=C(C=C1)C(=O)NC2=CC3=C(C=C2)N4CCSCC4=N3,0.04,Inactive,inactive,rf_v1
CID-622951,CCOC(=O)C1C(C2C(=NNC2=O)CC1(C)O)C3=CC(=CC=C3)[N+](=O)[O-],0.07,Inactive,inactive,rf_v1
CID-6497408,COC1=CC(=C(C=C1)NC(=O)C2CC(=O)N(C2)CCC3=CC=C(C=C3)F)OC,0.06,Inactive,inactive,rf_v1
CID-16188440,CN(CCC1=CC(=C(C=C1)OC)OC)CC2=NC(=NO2)CC3=CC(=C(C=C3)OC)OC,0.04,Inactive,inactive,rf_v1
CID-2276435,COC1=CC2=C(C=C1)N=C(S2)NC(=O)C3=CC=C(O3)C4=CC(=CC=C4)[N+](=O)[O-],0.07,Inactive,inactive,rf_v1
CID-17019738,C1CNCCC1CNC(=O)C=NO,0.03,Inactive,inactive,rf_v1
CID-3709085,CN1C(CC(O1)COC(=O)C2=C(C=C(C=C2)Cl)Cl)C3=CC=CC=C3,0.04,Inactive,inactive,rf_v1
CID-3222091,C1CCC(C1)NC(=O)C(C2=CN=CC=C2)N(C3=CC=CC=C3Cl)C(=O)C4=CSN=N4,0.16,Inactive,inactive,rf_v1
CID-1315988,COC1=C(C=C(C=C1)C=C2C(=O)N(C(=S)S2)CCCC(=O)N3CCOCC3)OC,0.06,Inactive,inactive,rf_v1
CID-2591990,C1=CC(=CC(=C1)SCC(=O)NC(=O)NCC2=CC=CO2)C(F)(F)F,0.06,Inactive,inactive,rf_v1
CID-2935276,CCCCOC1=CC=C(C=C1)C2C(=C(C(=O)N2CCN3CCOCC3)O)C(=O)C4=CC=CS4,0.01,Inactive,inactive,rf_v1
CID-659851,CC1=C(C2=CC=CC=C2N1C)C(CN3CCC(CC3)C(=O)N)O,0.1,Inactive,inactive,rf_v1
CID-9657793,C1CC2=C(C=C(C=C2)Cl)C(=NO)C1,0.05,Inactive,inactive,rf_v1
CID-3239699,CCOC1=C(C=C(C=C1)CCNS(=O)(=O)C2=CC3=C(C=C2)N(C(=O)O3)CC(=O)OCC)OCC,0.21,Inactive,inactive,rf_v1
CID-652393,CC1=CC(=NN1C2=CC(=NC(=N2)C3=CC=CC=C3)N4CCOCC4)C,0.03,Inactive,inactive,rf_v1
CID-1306940,COC1=CC=CC=C1NC(=O)CN(C2=CC=CC=C2F)S(=O)(=O)C,0.12,Inactive,inactive,rf_v1
CID-6251393,C1=CC=C(C=C1)OC(=O)NC(=O)C(=CC2=CC=CC=C2Cl)C#N,0.12,Inactive,inactive,rf_v1
CID-1271291,C1COCCN1CC(=O)NC2=NN=C(S2)SCC(=O)NC3=CC=CC=C3,0.12,Inactive,inactive,rf_v1
CID-2088429,C1CCC(CC1)NC(=O)NC(=O)CN2CCC(=CC2)C3=CC=CC=C3,0.13,Inactive,inactive,rf_v1
CID-1112660,CCOC(=O)C(=CC1=CC(=C(C=C1)OCC(=O)NC2=CC=C(C=C2)OC)OC)C#N,0.08,Inactive,inactive,rf_v1
CID-2441581,C1CCCC2(CC1)C(=O)N(C(=O)N2)CC(=O)NC3=CC=C(C=C3)S(=O)(=O)N4CCOCC4,0.06,Inactive,inactive,rf_v1
CID-618112,C1CN2CC3CN1CC(C2)(C3N)C4=CC=CC=C4,0.01,Inactive,inactive,rf_v1
CID-2466498,C1=CC=C2C(=C1)C(=NNC2=O)CC(=O)OCC3=C(C=CC=C3Cl)Cl,0.03,Inactive,inactive,rf_v1
CID-2970771,CN1CCN(CC1)S(=O)(=O)C2=CC=C(C=C2)NS(=O)(=O)C3=CC=CC=C3,0.09,Inactive,inactive,rf_v1
CID-1475370,C1=CC=NC(=C1)N(CC(=O)NC2=C(C=C(C=C2)F)F)S(=O)(=O)C3=CC=C(C=C3)F,0.15,Inactive,inactive,rf_v1
CID-2449562,C1COCCN1C2=C(C=C(C=C2)C(F)(F)F)NC(=O)C3=C[N+](=CC=C3)[O-],0.19,Inactive,inactive,rf_v1
CID-9593133,C1COCCN1C2=NC(=NC(=C2)NN=CC3=CC=C(O3)C4=CC=C(C=C4)Cl)N5CCOCC5,0.11,Inactive,inactive,rf_v1
CID-16681966,CCC(C)C(C(=O)O)NC(=O)NCC1=CC=C(C=C1)S(=O)(=O)N,0.0,Inactive,inactive,rf_v1
CID-24793851,C1CCCC(CC1)N2CC(CCC2=O)C(=O)NCC3=CC(=CC=C3)C(F)(F)F,0.18,Inactive,inactive,rf_v1
CID-1190011,C=CCN1C(=O)C2=C(N3C1=NN=C3NC4=CC=CC=C4)SC5=C2CCCC5,0.07,Inactive,inactive,rf_v1
CID-23723976,COC1=CC(=C(C=C1)C(=O)C2CCCN(C2)CC3=C(C=CC(=C3)Cl)O)OC,0.04,Inactive,inactive,rf_v1
CID-23723918,C=CCOC1=CC=CC=C1CN2CCN(C(C2)CCO)CCC3=CC=CC=C3,0.01,Inactive,inactive,rf_v1
CID-258209,C1OC2=C(O1)C=C(C=C2)C=C3C(=O)NC(=O)NC3=O,0.08,Inactive,inactive,rf_v1
CID-3209688,CC1=CC=C(C=C1)C(C2=NN=NN2CC3=CC=CC=C3)N4CCN(CC4)CC5=CC=CC=C5,0.04,Inactive,inactive,rf_v1
CID-5340838,CCOC1=C(C2=CC=CC=C2C=C1)C=NNC(=O)C3=CC=C(C=C3)[N+](=O)[O-],0.07,Inactive,inactive,rf_v1
CID-16031750,CC1=CC(=C(C=C1)NC(=O)C2CCCN(C2)S(=O)(=O)C3=CC4=C(C=C3)N(CCC4)C(=O)C)C,0.09,Inactive,inactive,rf_v1
CID-672396,CCCC1=CC=C(C=C1)C2=C(SC(=C2C#N)N)C,0.05,Inactive,inactive,rf_v1
CID-1401961,CC1=CC(=C(N1C2=CC=CC=N2)C)C=C3C(=O)NC(=S)N(C3=O)CC=C,0.03,Inactive,inactive,rf_v1
CID-3243259,C1=CC=NC(=C1)CNS(=O)(=O)C2=CC3=C(C=C2)NC(=O)S3,0.03,Inactive,inactive,rf_v1
CID-1153414,CC1=CC2=C(C=C1)C=C(C3=NN=C(N23)SCC(=O)NC4=NC5=C(S4)CCCC5)C,0.14,Inactive,inactive,rf_v1
CID-2469834,CC1=CC(=CC(=C1)N(CCC(=O)NC2=NN=C(S2)C)S(=O)(=O)C3=CC=C(C=C3)Cl)C,0.18,Inactive,inactive,rf_v1
CID-744877,CC1=NC2=C(N1C3=CC=CC=C3)C=CC(=C2)S(=O)(=O)N(C)C,0.05,Inactive,inactive,rf_v1
CID-12005565,C1=CC=C(C=C1)C2=CSC(=N2)N3C(=O)C4C(C3=O)C5C6=CC=CC=C6C4C7=CC=CC=C57,0.13,Inactive,inactive,rf_v1
CID-20861162,CCN1CCCC1CNC(=O)C2=CC3=C(C=C2)S(=O)(=O)C4=CC=CC=C4C(=O)N3CC5=CC=CC=C5F,0.09,Inactive,inactive,rf_v1
CID-2572977,CC(=O)C1=CC(=C(C=C1)OCC(=O)NC2=CC=C(C=C2)NC(=O)C)COC,0.04,Inactive,inactive,rf_v1
CID-879497,C1CN(C(=N1)C2=CC=CC=C2)C(=O)C3=CC=C(C=C3)Cl,0.09,Inactive,inactive,rf_v1
CID-3362033,C1CC(CCC1CNC2=NC(=S)NC3=CC=CC=C32)C(=O)N4CCN(CC4)C5=CC=C(C=C5)F,0.31,Inactive,inactive,rf_v1
CID-9594701,CC1=CC(=C(C=C1)C2=CSC(=N2)NN=CC3=CC=CO3)C,0.2,Inactive,inactive,rf_v1
CID-5825353,CC1=C(SC(=N1)C2=CC=CC=C2)C(=O)C=CNC3=CC=C(C=C3)OC,0.04,Inactive,inactive,rf_v1
CID-24789181,C1CN(CCN1C2=CC=C(C=C2)F)C3=C(C=C(C=C3)C(CC(=O)N)NC(=O)C4=CC(=CC=C4)Br)[N+](=O)[O-],0.11,Inactive,inactive,rf_v1
CID-2290932,CC1=CC=C(C=C1)CNC=CC(=O)C2=CC=C(C=C2)OC,0.07,Inactive,inactive,rf_v1
CID-605900,CC(C1COC2=CC=CC=C2O1)NCC3COC4=CC=CC=C4O3,0.12,Inactive,inactive,rf_v1
CID-1992652,CC1=CC=C(C=C1)C2=C3C(=CN2CC4=CC=CC=C4)N(C(=O)N(C3=O)C)C,0.16,Inactive,inactive,rf_v1
CID-75106,C1=CC=C(C=C1)C2=NNC(=O)C=C2,0.01,Inactive,inactive,rf_v1
CID-6462809,CCOC1=CC=C(C=C1)NC(=O)NC2CCS(=O)(=O)C2,0.0,Inactive,inactive,rf_v1
CID-2926561,COC1=CC(=C(C=C1)OC)C2C3=C(C4=CC=CC=C4CC3)N=C5N2C(=O)CS5,0.05,Inactive,inactive,rf_v1
CID-2347614,CC1CCN(CC1)C(=O)NS(=O)(=O)C2=CC=C(C=C2)C,0.04,Inactive,inactive,rf_v1
CID-4818076,CC1=NC(=C(C=C1)OCC(=O)N2CCC3=CC=CC=C3C2)[N+](=O)[O-],0.06,Inactive,inactive,rf_v1
CID-2927541,CN1C(=O)C=CC(=N1)OCC2=CC=CC=C2,0.1,Inactive,inactive,rf_v1
CID-5335030,C1OC2=C(O1)C=C(C(=C2)C=NNC(=O)C3=CC=CC=N3)Cl,0.05,Inactive,inactive,rf_v1
CID-5580856,COCCN1C(=O)C(=CC2=CC3=C(C=C2Br)OCO3)NC1=S,0.01,Inactive,inactive,rf_v1
CID-5868600,COC1=CC=C(C=C1)C2=CN=NN2C3=CC=C(C=C3)NC(=O)C=CC4=CC(=C(C=C4)OC)OC,0.15,Inactive,inactive,rf_v1
CID-2966189,C1COCCN1C2=C(C=C(C=C2)[N+](=O)[O-])NC(=O)C3=CC=CS3,0.06,Inactive,inactive,rf_v1
CID-665246,CCCN(CC1=CC2=C(C=CC(=C2)C)NC1=O)C(=O)C3=CC(=CC=C3)OC,0.29,Inactive,inactive,rf_v1
CID-5309401,CC1=CC2=C(C=C1)OC(=O)C3=C2N(N=C3)CC(=O)N(CCCN4CCOCC4)CC5=CC=CO5,0.08,Inactive,inactive,rf_v1
CID-1071743,CCN1C(=NN=C1SCC(=O)NC2=NC(=CS2)C)CC3=CC=CC=C3,0.11,Inactive,inactive,rf_v1
CID-3816263,CC1=C(C=CC2=C1OC(=O)C3=C2CCCC3)OC(C)C(=O)NCC4CCC(CC4)C(=O)O,0.2,Inactive,inactive,rf_v1
CID-2964461,CC1CCC(CC1)NC(=O)C2CC(=O)N(C2)C3=CC=C(C=C3)Cl,0.11,Inactive,inactive,rf_v1
CID-614998,CC(=O)C1=CC(=C(C=C1)SC2=CC=CC=N2)[N+](=O)[O-],0.2,Inactive,inactive,rf_v1
CID-766425,C1=CC(=CC=C1NC(=O)CCCC(=O)O)Br,0.03,Inactive,inactive,rf_v1
CID-16196323,C=CCN1C2=[N+](CCCCC2)C3=CC=CC=C3C1=O.[I-],0.04,Inactive,inactive,rf_v1
CID-76567,CC1=[N+](C2=CC=CC=C2S1)CC(=O)O.[Br-],0.01,Inactive,inactive,rf_v1
CID-1238616,CN1C(=O)C=C(N1)C(F)(F)F,0.03,Inactive,inactive,rf_v1
CID-2148474,CCOC1=CC=C(C=C1)C(=O)NC2=CC(=O)N(C(=O)N2C)C,0.03,Inactive,inactive,rf_v1
CID-1076661,CC(=C)CNC(=S)N1CCN(CC1)C(C2=CC=CC=C2)C3=CC=CC=C3,0.05,Inactive,inactive,rf_v1
CID-950934,C1=CC=C2C(=C1)C=CC(=C2CNC3=NC=C(C=C3)Br)O,0.11,Inactive,inactive,rf_v1
CID-24246206,COC1=CC=CC=C1N(CC2=CC=CC=C2)S(=O)(=O)C3=CC=CC(=C3)C(=O)NC4=CC=CC=N4,0.12,Inactive,inactive,rf_v1
CID-1544371,CN1C2=CC=CC=C2N=C1C3=C(N(C(=S)S3)C4=CC=CC=C4)N,0.03,Inactive,inactive,rf_v1
CID-4008696,CC1=NOC2=C1C(C3=C(N2)CC(CC3=O)(C)C)C4=CC=C(C=C4)N(C)C,0.2,Inactive,inactive,rf_v1
CID-3129759,CC(C)C1=CC=C(C=C1)NC2=NC(=NC(=N2)NCCO)Cl,0.24,Inactive,inactive,rf_v1
CID-16404088,CCC(C(=O)NC(CC1=CC=CC=C1)C(=O)O)NC(=O)CCC2=C(C3=C(C=C4C(=C3)C(=C(O4)C)C)OC2=O)C,0.41,Inactive,inactive,rf_v1
CID-9613794,CC(=CC1=CC=CC=C1)C=NNC(=O)C2=CC=CO2,0.05,Inactive,inactive,rf_v1
CID-1377933,CC1=C(C=C(C=C1)Cl)C2=CC=C(O2)C=NC3=CC=C(C=C3)N4CCOCC4,0.06,Inactive,inactive,rf_v1
CID-666338,C1CSC(C(=O)N1)CC(=O)NC2=CC(=CC=C2)Cl,0.07,Inactive,inactive,rf_v1
CID-790790,CCC1=C(N=C2C(=C1Cl)C=CC=C2OC)C,0.06,Inactive,inactive,rf_v1
CID-6882829,COC1=C(C(=C(C=C1)C=NNC(=O)COC2=CC=CC3=CC=CC=C32)C(=O)O)OC,0.04,Inactive,inactive,rf_v1
CID-718990,CC1=CC=CC=C1COC2=CC=C(C=C2)C3=NNN=N3,0.04,Inactive,inactive,rf_v1
CID-3195217,CC1=C(SC(=C1C#N)NC(=O)CSC2=NN=NN2C3=CC=C(C=C3)C(=O)C)C,0.09,Inactive,inactive,rf_v1
CID-5737480,CC1CCCCN1CC2=C(C=CC3=C2OC=C(C3=O)C4=CC=C(C=C4)Br)O,0.06,Inactive,inactive,rf_v1
CID-3119289,CCCCOC1=CC=CC(=C1)C(=O)NC2=CC=C(C=C2)NC(=O)C3=CC=CO3,0.11,Inactive,inactive,rf_v1
CID-2890949,C1CCN(C1)C2=CC=CC3=C2C(=O)C4=CC=CC=C4C3=O,0.09,Inactive,inactive,rf_v1
CID-5346517,CC1=C(C=CC=C1[N+](=O)[O-])C(=O)ON=C(C2=CC=CC=N2)N,0.05,Inactive,inactive,rf_v1
CID-24789533,CCCCN(CCCNC(=O)C1=CC=C(O1)CS(=O)(=O)C2=CC=C(C=C2)OC)CC3=CC=CC=C3,0.11,Inactive,inactive,rf_v1
CID-85361,C1COCCN1C2=NC(=NC(=N2)N3CCOCC3)N4CCOCC4,0.0,Inactive,inactive,rf_v1
CID-3440213,CC1=CC(=CC=C1)C(=O)NC2=C(C(=C(N2CC3=CC=CC=C3)C)C)C#N,0.23,Inactive,inactive,rf_v1
CID-2908592,CC1=CC(=C(C=C1)NC(=O)C2(CCOCC2)C3=CC=CC=C3)[N+](=O)[O-],0.1,Inactive,inactive,rf_v1
CID-16187970,COC1=CC(=C(C=C1)OC)CNN2C(=NC3=CC=CC=C3C2=O)C4=CC=CC=C4F,0.11,Inactive,inactive,rf_v1
CID-704173,CC(=C1C(=O)NN(C1=O)C2=CC(=C(C=C2)F)Cl)C,0.12,Inactive,inactive,rf_v1
CID-12006213,C1CC(C2=CC=CC=C2C1)NC(=O)CSC3=NN=C(N3N)C4=C(C=C(C=C4)Cl)Cl,0.06,Inactive,inactive,rf_v1
CID-2937346,CC(C(=O)OC1=CC=C(C=C1)OC)N2C(=O)C3=CC=CC=C3C2=O,0.09,Inactive,inactive,rf_v1
CID-2990975,C1CCN(CC1)S(=O)(=O)C2=CC(=C(C=C2)OCC(=O)N3CCOCC3)Cl,0.06,Inactive,inactive,rf_v1
CID-812582,C1CSCCN1C(=S)NC(=O)C=CC2=CC=CC=C2,0.08,Inactive,inactive,rf_v1
CID-3243018,COC1=CC(=C(C=C1)NS(=O)(=O)C2=CC3=C(C=C2)NC(=O)CC3)OC,0.05,Inactive,inactive,rf_v1
CID-1107361,CCCC(=O)NC1=CC=CC(=C1)C2=NC3=CC=CC=C3C(=O)O2,0.02,Inactive,inactive,rf_v1
CID-1247210,C1=CC(=CC=C1CN2C=C(C=N2)NC(=O)C3=NC=CN=C3)Cl,0.01,Inactive,inactive,rf_v1
CID-976569,CNC1=NC(=NC(=N1)OC)N2CCOCC2,0.0,Inactive,inactive,rf_v1
CID-135485424,COC1=CC=CC=C1CN2C3=C(C(=O)NC(=N3)C4CCN(CC4)C(=O)C5=CC=C(C=C5)F)N=N2,0.09,Inactive,inactive,rf_v1
CID-3323022,CC(C1=NNC(=S)N1C2=CC=CC=C2)NS(=O)(=O)C3=CC=CC=C3,0.05,Inactive,inactive,rf_v1
CID-2229996,C1=CC=C(C=C1)N2C(=NN=C2SCC3=NC(=NO3)C4=CC=CS4)C5=CC=CO5,0.08,Inactive,inactive,rf_v1
CID-12005368,CCOC(=O)C1=CC=C(C=C1)NC(=S)N(CCCN2CCCC(C2)C)CC3=CC=CO3,0.02,Inactive,inactive,rf_v1
CID-256920,COC1=CC=CC(=C1O)C=NCCCN=CC2=C(C(=CC=C2)OC)O,0.1,Inactive,inactive,rf_v1
CID-24856166,C1=CC(=CC(=C1)C2=CC=C(C=C2)S(=O)(=O)N)C=C3C(=O)NC(=O)S3,0.15,Inactive,inactive,rf_v1
CID-9607314,CC(=NOCC(=O)NC1=CC=CC=C1SC)C2=CC3=CC=CC=C3O2,0.05,Inactive,inactive,rf_v1
CID-9672381,C1COCCN1C2=CC=C(S2)C=NN(C3=CC=CC=C3)C4=CC=CC=C4,0.03,Inactive,inactive,rf_v1
CID-3241525,CCC1C(=O)N(C2=C(O1)C=CC(=C2)Cl)CC(=O)OCC,0.07,Inactive,inactive,rf_v1
CID-2901203,CC1=NN=C(S1)NC(=O)C2COC3=CC=CC=C3O2,0.08,Inactive,inactive,rf_v1
CID-3152243,C1CCC(C(C1)C(=O)NC2=CC=C(C=C2)S(=O)(=O)N3CCCC3)C(=O)O,0.01,Inactive,inactive,rf_v1
CID-3469746,CC1=C(C(C2=C(N1)CC(CC2=O)(C)C)C3=CN(N=C3C4=CC=CC=C4)CC5=CC=C(C=C5)Br)C(=O)OC,0.14,Inactive,inactive,rf_v1
CID-703771,COC(=O)C1=C(C2=CC=CC=C2O1)NC(=O)C3=CC=CC=C3O,0.08,Inactive,inactive,rf_v1
CID-6467087,CC1=CC(=C(O1)C)C(=O)NC(C)C2CCCO2,0.12,Inactive,inactive,rf_v1
CID-1079665,CC1=CC=C(C=C1)N2C(=NN=C2SCC(=O)N3CCCC4=CC=CC=C43)COC5=CC=C(C=C5)OC,0.19,Inactive,inactive,rf_v1
CID-652042,C1=CC=C(C=C1)C(=O)OCC2C(C3C(O2)N4C=CC(=O)N=C4O3)O.O,0.06,Inactive,inactive,rf_v1
CID-1818115,C1CCC2(CC1)C(=NC3=CC(=CC=C3)Cl)N=C(N2C4=CC=CC=C4)SCC(=O)O,0.07,Inactive,inactive,rf_v1
CID-3239501,CN1C2=C(C(=O)NC1=O)N(C(=N2)CN3CCN(CC3)C4=CC=C(C=C4)OC)CCCC5=CC=CC=C5,0.03,Inactive,inactive,rf_v1
CID-659206,C1CC(=O)N(C1)CCCN2C=NC3=C(C2=O)NC4=C3C=C(C=C4)F,0.14,Inactive,inactive,rf_v1
CID-3297083,COC1=CC=CC(=C1)CN2CCCCC2C(=O)O,0.02,Inactive,inactive,rf_v1
CID-2535777,C1CCC(=CC1)CCNC(=O)COC(=O)CN2C=NC3=CC=CC=C3C2=O,0.07,Inactive,inactive,rf_v1
CID-2677559,CCOC1=CC=C(C=C1)C(=O)NCCC2=CC3=C(C=C2)OCCO3,0.06,Inactive,inactive,rf_v1
CID-24793611,C1CC(=O)N(CCC1NC(=O)OCC2=CC=CC=C2)C(CC3=CC=CC=C3)CSC4=CC=CC=C4,0.08,Inactive,inactive,rf_v1
CID-4427813,CC1CN(CC(O1)C)C(=O)C2=NN(C=C2[N+](=O)[O-])C,0.1,Inactive,inactive,rf_v1
CID-2951284,CN1C2=C(C(=O)N(C1=O)C)N(C=N2)CC(CNC3=CC=C(C=C3)Br)O,0.08,Inactive,inactive,rf_v1
CID-2818668,COC1=CC=C(C=C1)C2=NN(C(C2)C3=CC=CS3)C4=CC=CC=C4,0.12,Inactive,inactive,rf_v1
CID-867211,CC1=CC2=C(N1C3=CC=C(C=C3)OC)C=CC(=C2)OC(=O)C,0.09,Inactive,inactive,rf_v1
CID-9549170,C1=C(C2=C(N=CN=C2N1C3C(C(C(O3)CO)O)O)N)C(=O)N.O,0.13,Inactive,inactive,rf_v1
CID-3241072,CN1C2=CC=CC=C2C3=C1C(=O)N(N=C3)CC(=O)OC,0.06,Inactive,inactive,rf_v1
CID-36339,CCOC(=O)C1=CN=CN1C(C)C2=CC=CC=C2,0.05,Inactive,inactive,rf_v1
CID-5417210,CCOC1=CC=CC=C1OC2=COC3=C(C2=O)C=CC(=C3)O,0.05,Inactive,inactive,rf_v1
CID-2963653,CC(C)(C)CC(=O)NC(=S)NC1=C(C=C(C=C1)[N+](=O)[O-])OC,0.04,Inactive,inactive,rf_v1
CID-22548209,CCC(C(=O)OC)N1C=NC2=C(C1=O)OC3=CC=CC=C32,0.02,Inactive,inactive,rf_v1
CID-4683230,CC1=C(C(=O)N(N1)C(=S)N)N=NC2=CC(=CC=C2)Cl,0.04,Inactive,inactive,rf_v1
CID-135456329,C1=CC=C(C=C1)C2=NN3C(=CC(=O)NC3=N2)NC(=O)C4=CC=C(C=C4)Cl,0.21,Inactive,inactive,rf_v1
CID-2855347,CC1=C(C(NC(=O)N1)C2=CC(=C(C=C2)O)OC)C(=O)OCC3CCCCC3,0.04,Inactive,inactive,rf_v1
CID-135528052,C1CCN(CC1)C(CN=C2C3=CC=CC=C3S(=O)(=O)N2)C4=CC=CO4,0.11,Inactive,inactive,rf_v1
CID-6243867,CC(C(=O)ON=C(C1=CC=NC=C1)N)OC2=CC=C(C=C2)Br,0.06,Inactive,inactive,rf_v1
CID-2959216,CC(C)NC(=O)CC(C1=CC=CC=C1)C2=C(C=CC(=C2)Br)O,0.13,Inactive,inactive,rf_v1
CID-2302746,C1=CC=C(C=C1)NC(=O)NCC2=CC=CC3=CC=CC=C32,0.04,Inactive,inactive,rf_v1
CID-3211892,CCOC(=O)C1=CC=C(C=C1)N(CC(=O)NC2CCCCC2)C(=O)CNC(=O)C3=CC=CO3,0.1,Inactive,inactive,rf_v1
CID-2768996,C1=CC=C2C(=C1)C(=O)N(C(=N2)C3=CC=C(C=C3)[N+](=O)[O-])O,0.04,Inactive,inactive,rf_v1
CID-2810291,CC(C)(C)C1=CC=C(C=C1)C2=CC(=C(S2)C(=O)OC)NC(=O)CSCC(=O)O,0.16,Inactive,inactive,rf_v1
CID-4220339,C1C2CC3CC1CC(C2)(C3)CC(=O)OCC(=O)NC4=C(C=C(C=N4)Cl)Cl,0.07,Inactive,inactive,rf_v1
CID-135465139,CC(C)CCN1CC(=C(C1=N)C2=NC3=CC=CC=C3N2)O,0.04,Inactive,inactive,rf_v1
CID-98146,C1C(C2=CC=CC=C2C1=O)C3=CC=CC=C3,0.03,Inactive,inactive,rf_v1
CID-3335155,CCCCNC(=O)C12CCC(C1(C)C)(C(=O)C2Br)C,0.04,Inactive,inactive,rf_v1
CID-1088744,CC1=CC=CC=C1NC(=O)COC(=O)C2=CN=CC=C2,0.08,Inactive,inactive,rf_v1
CID-1477391,CC1=C(N(C(=C1C#N)NC(=O)NC2=CC=CC=C2)CC3=CC=C(C=C3)OC)C,0.05,Inactive,inactive,rf_v1
CID-20860555,CC1=C(N=C(O1)C2=CC(=C(C=C2)OC)OC)CS(=O)CC(=O)NC3CCCC3,0.04,Inactive,inactive,rf_v1
CID-20913962,CC1=CC2=C(C=C1S(=O)(=O)NC3=CC(=C(C=C3OC)OC)Cl)NC(=O)C(=O)N2,0.16,Inactive,inactive,rf_v1
CID-741253,CN1C(=C(C=N1)Cl)C(=O)NC2=NC3=C(S2)C=C(C=C3)Cl,0.21,Inactive,inactive,rf_v1
CID-2816582,COC1=CC=C(C=C1)C(=O)CSC2=NN=C3N2CCCN3C(=O)NC4=CC=CC=C4,0.06,Inactive,inactive,rf_v1
CID-2093008,C1CC2=C(C1)C=C(C=C2)NC(=O)CC3=CC=C(S3)S(=O)(=O)N4CCOCC4,0.11,Inactive,inactive,rf_v1
CID-866660,CCOC(=O)CSC1=NN=C(N1C)CNC(=O)C2=CC=CC(=C2)C,0.04,Inactive,inactive,rf_v1
CID-2805300,C1=CC=C2C(=C1)C=C(O2)C3=CC=NN3,0.08,Inactive,inactive,rf_v1
CID-1234251,CCOC1=CC=C(C=C1)N2C(=C3C(=NNC(=O)C3=N2)C)C,0.06,Inactive,inactive,rf_v1
CID-5310510,CC1=CC=C(C=C1)N2C3=C(C(=O)N(C=N3)CC4=CC=CC(=C4)C)N=N2,0.05,Inactive,inactive,rf_v1
CID-16413722,CC(=[N+](C)CCNS(=O)(=O)C1=CC=C(C=C1)Cl)NC2=CC=CC=C2OC.[I-],0.25,Inactive,inactive,rf_v1
CID-1477791,C1=CC=C(C=C1)C2=NC=CC(=N2)C3=CC=C(C=C3)N4C=NC5=CC=CC=C54,0.23,Inactive,inactive,rf_v1
CID-24856318,CC1(CC1)C(=O)N2CCC(CC2)(CC3CC(=NO3)C4=CC=C(C=C4)Cl)C(=O)NCC5CCCCC5,0.06,Inactive,inactive,rf_v1
CID-4883329,CC1=CC(=C(C=C1)NC(=O)CN2CCN(CC2)C3=CC=CC=N3)Cl,0.05,Inactive,inactive,rf_v1
CID-933525,C1CCC(C1)(C2=CC=CC=C2)C(=O)NC3=CC=C(C=C3)C(=O)O,0.1,Inactive,inactive,rf_v1
CID-6489420,CC(C)N1C(=NN=C1SC)C2CCCN(C2)CC(=O)NC3=CC=CC=C3N4CCOCC4,0.0,Inactive,inactive,rf_v1
CID-135412163,COC1=C(C=CC(=C1)C=NNC(=O)C2=CC=NC=C2)O,0.04,Inactive,inactive,rf_v1
CID-934117,C1CCN(C1)C2=NC(=O)C(=CC3=C(NN=C3)C4=CC=CC=C4)S2,0.08,Inactive,inactive,rf_v1
CID-16189755,COC1=C(C=CC(=C1)CNCCNC(=O)C2=NON=C2N)OCC3=CN=C(C=C3)Cl.Cl,0.07,Inactive,inactive,rf_v1
CID-651120,CC1=CC=C(C=C1)S(=O)(=O)CN2C(=NN=N2)C(C)N3CCN(CC3)C(=O)C4=CC=CO4,0.09,Inactive,inactive,rf_v1
CID-1084167,COC(=O)C1=CC=C(C=C1)NC(=O)CN2C(=O)C3=CC=CC=C3S2(=O)=O,0.05,Inactive,inactive,rf_v1
CID-2434101,COC1=CC=C(C=C1)C2=CSC(=N2)NC(=O)COC(=O)C3=COCCO3,0.03,Inactive,inactive,rf_v1
CID-16188555,CC1=C(SC=C1)C2=NC(=C(O2)C)CN3CCCC3C4=CC(=CC=C4)OC,0.06,Inactive,inactive,rf_v1
CID-653964,COC1=CC=C(C=C1)NC(=O)N2CCC(CC2)C3=NC(=NO3)C4=CC=CS4,0.07,Inactive,inactive,rf_v1
CID-135623713,CC1CCN(CC1)C2=NC3=C(N2C4C(C(C(O4)CO)O)O)N=C(NC3=O)N,0.06,Inactive,inactive,rf_v1
CID-649882,C1CC(OC1)CNC(=O)CN(CC2CCCO2)C(=O)CCC(=O)NC3=NC=CS3,0.08,Inactive,inactive,rf_v1
CID-645445,CC1=NC2=CC=CC=C2N1S(=O)(=O)C3=CC=C(C=C3)S(=O)(=O)N4CCCCCC4,0.03,Inactive,inactive,rf_v1
CID-5309265,CC(C)C1=CC=C(C=C1)NC(=O)C2CCCN(C2)S(=O)(=O)C3=CN=CN3,0.02,Inactive,inactive,rf_v1
CID-135512247,C1C(=NNC(=NCC2=CC=CC=C2)S1)C3=CC4=CC=CC=C4O3,0.27,Inactive,inactive,rf_v1
CID-4900445,CC1CCCCC1NC(=O)C2=CC3=C(N2CCCOC)N=C4C(=CC=CN4C3=O)C,0.02,Inactive,inactive,rf_v1
CID-3729095,CCN(CC)S(=O)(=O)C1=CC2=C(C=C1)N(C(=N2)CCC(=O)O)C,0.04,Inactive,inactive,rf_v1
CID-970843,CN(C1=CC=CC=C1C(=O)N2CCC3=CC=CC=C3C2)S(=O)(=O)C,0.14,Inactive,inactive,rf_v1
CID-12006181,C1COC(N1S(=O)(=O)C2=CC=C(C=C2)F)CNC(=O)C(=O)NCC3=CC=CO3,0.13,Inactive,inactive,rf_v1
CID-22510995,COC1=CC=C(C=C1)N2CCN(CC2)C(=O)C3=C(C4=CC=CC=C4O3)NC(=O)CC5=CC(=CC=C5)OC,0.26,Inactive,inactive,rf_v1
CID-2933095,CC(C(=O)NCCCCC1=CC=CC=C1)OC2=CC(=CC=C2)Cl,0.02,Inactive,inactive,rf_v1
CID-2029949,C1=CC=C(C=C1)OCCCC2=NC(=NO2)C3=CC=CC=N3,0.04,Inactive,inactive,rf_v1
CID-135452219,COC1=CC=C(C=C1)N2C(=O)C=C(N=C2SCC(=O)N3CCOCC3)O,0.0,Inactive,inactive,rf_v1
CID-2934294,CC(C(=O)NC1=CC2=CC=CC=C2C=C1)OC3=CC=C(C=C3)F,0.02,Inactive,inactive,rf_v1
CID-3118893,C1=CC=C(C(=C1)C(=O)NCCCNC2=C(C=C(C=C2)[N+](=O)[O-])Cl)F,0.17,Inactive,inactive,rf_v1
CID-1017169,COC1=C(C(=CC(=C1)CNC2=CC=C(C=C2)O)Br)OCC3=CC=CC=C3F,0.06,Inactive,inactive,rf_v1
CID-2950402,CC(C)CNS(=O)(=O)C1=CC=C(C=C1)CCC(=O)N2CCN(CC2)C3=CC=CC=C3OC,0.18,Inactive,inactive,rf_v1
CID-5300097,CCOC1=CC(=CC(=C1OCC)OCC)C(=O)NC2=CC(=CC=C2)OCC(=O)N3CCOCC3,0.14,Inactive,inactive,rf_v1
CID-3153853,CC(C)OC1=CC=C(C=C1)N2CC(CC2=O)C(=O)OCC(=O)NC3=CC=C(C=C3)OC,0.06,Inactive,inactive,rf_v1
CID-2215567,CCCCC1=NN=C(S1)NC(=O)CSC2=NC(=O)C=C(N2C3=CC=CC(=C3)C)N,0.05,Inactive,inactive,rf_v1
CID-5389866,CN(C)CCCN1C(C(=C(C2=CC=NC=C2)O)C(=O)C1=O)C3=CC(=CC=C3)Br,0.26,Inactive,inactive,rf_v1
CID-4518002,CCN(CC)C1=C(C=C(C=C1)NC(=O)C2=CC=CC(=C2)C)S(=O)(=O)NC3=CC=CC=C3OC,0.44,Inactive,inactive,rf_v1
CID-763989,CC1=CC(=C(C(=C1)O)C(=O)CC2=CSC(=N2)C)O,0.06,Inactive,inactive,rf_v1
CID-9208099,COC1=CC=CC(=C1)CNC2=NC(=NC3=CC=CC=C32)C(F)(F)F,0.04,Inactive,inactive,rf_v1
CID-24789436,CC1=CC=C(C=C1)S(=O)(=O)N2CC(=NN=C(N)N)C2,0.04,Inactive,inactive,rf_v1
CID-2811560,CC(C)(CC(=O)NC1=CC=C(C=C1)N2C(=CC(=N2)C(F)(F)F)C3=CC=CS3)CC(=O)O,0.07,Inactive,inactive,rf_v1
CID-16189224,CC1=CC=CC=C1CC2(CCCN(C2)C(=O)CSC)CO,0.1,Inactive,inactive,rf_v1
CID-1242287,CN(C)C1=CC=C(C=C1)NC(=O)CSC2=NN=C(N2CC3=CC=CO3)C4=CC=CS4,0.06,Inactive,inactive,rf_v1
CID-23603610,CC1CCC(CC1)NC(=O)CN2C3=C(C=C(C=C3)S(=O)(=O)N4CCCC4)OC2=O,0.07,Inactive,inactive,rf_v1
CID-3327151,CCOC(=O)CN(C#N)C1=NC(=NC(=N1)N(C)C)N(C)C,0.01,Inactive,inactive,rf_v1
CID-646008,C1CC2=C(C1)SC3=NC=NC(=C23)NC(=O)C4=CC=CO4,0.06,Inactive,inactive,rf_v1
CID-2085904,C=CCN1C(=NN=C1SCC(=O)NC(=O)C2=CC(=CC=C2)[N+](=O)[O-])C3=CC=CC=C3F,0.06,Inactive,inactive,rf_v1
CID-881992,COC1=CC(=CC(=C1OCC2=CC=C(C=C2)Cl)CC=C)C=O,0.05,Inactive,inactive,rf_v1
CID-2323301,C1CC(=C(C2=NC3=CC=CC=C3C(=O)N2C1)C#N)O,0.01,Inactive,inactive,rf_v1
CID-3236197,C1CN(C(=O)N1CC2=CC=CC=C2F)CC(=O)NCC3=CC=CS3,0.11,Inactive,inactive,rf_v1
CID-2940569,C1COCCN1CCNC(=O)CC23CC4CC(C2)CC(C4)C3,0.08,Inactive,inactive,rf_v1
CID-1094110,CS(=O)(=O)NC1=NN=C(S1)CCC2=CC=CC=C2,0.07,Inactive,inactive,rf_v1
CID-1835917,C1COCCN1C(=O)C(=CC2=CN=CC=C2)NC(=O)C3=CC=CC=C3F,0.05,Inactive,inactive,rf_v1
CID-2805655,C1CSCC1NC(=O)C2=CC(=CC=C2)Cl,0.1,Inactive,inactive,rf_v1
CID-4831653,CCN(CC)C1=CC=C(C=C1)NC(=O)CN2C3=CC=CC=C3N=C2C(C)NC(=O)C4=CC=C(C=C4)C,0.09,Inactive,inactive,rf_v1
CID-5001789,CC1=C(C=C(C=C1)NC(=O)C2CC3=CC=CC=C3CN2C(=O)C4=CC=CO4)S(=O)(=O)N(C)C,0.07,Inactive,inactive,rf_v1
CID-6603499,CC(CN1CCN(CC1)C)OC(=O)C2=CC(=C(C=C2)OC)OC.Cl,0.04,Inactive,inactive,rf_v1
CID-1072346,C1=CC=C(C=C1)C2=NC3=CC=CC=C3C(=N2)SCC(=O)NC4=NC=CS4,0.05,Inactive,inactive,rf_v1
CID-3238917,CC1=CC=C(C=C1)CN2C(=NC3=C2C(=O)NC(=O)N3C)CN4CCOCC4,0.0,Inactive,inactive,rf_v1
CID-9562864,COC1=CC(=CC(=C1OC)OC)C=NNC(=S)NC2=CN=CC=C2,0.14,Inactive,inactive,rf_v1
CID-2858584,CN1C(=O)CC(C1=O)NCC2=CC=C(C=C2)OC,0.03,Inactive,inactive,rf_v1
CID-2226190,COC1=CC=CC=C1NC(=O)CN2C=C(C3=CC=CC=C32)C(=O)C4CC4,0.1,Inactive,inactive,rf_v1
CID-2190284,C1CCN(CC1)C(=S)NCCC2=CC=CC=C2,0.03,Inactive,inactive,rf_v1
CID-9627927,CC(C)C1=C(N=NN1C2=NON=C2N)C(=O)NN=C(C)C3=CC4=CC=CC=C4C=C3,0.1,Inactive,inactive,rf_v1
CID-6228345,CCC1=CC2=C(C=C1O)OC(=O)C=C2CN3CCN(CC3)CC4=CC=CC=C4,0.18,Inactive,inactive,rf_v1
CID-758548,C1COCCN1CC(=O)NC2=CC=C(C=C2)Cl,0.17,Inactive,inactive,rf_v1
CID-5534431,COC1=CC=C(C=C1)C=NNC(=O)CCN2C=NC(=C2C3=CC=CC=C3)C4=CC=CC=C4,0.05,Inactive,inactive,rf_v1
CID-961916,CC1=C(C=C(C=C1)NS(=O)(=O)C2=C(C=CC(=C2)C(=O)N(C)C)C)C,0.17,Inactive,inactive,rf_v1
CID-2562177,CC(C)C1=NN=C(N1N)SCC(=O)N2CCC3=CC=CC=C32,0.08,Inactive,inactive,rf_v1
CID-663155,CCC1=CC=CC(=C1NC(=O)CSC2=NN=C(N2N)C3=CC=CO3)C,0.03,Inactive,inactive,rf_v1
CID-1204381,C1COCCN1C(=O)C(=CC2=CC=CO2)NC(=O)C3=CC=C(C=C3)[N+](=O)[O-],0.06,Inactive,inactive,rf_v1
CID-901348,C1=CC=C(C=C1)C2=NN=C3N2C4=CC=CC=C4NC3=O,0.03,Inactive,inactive,rf_v1
CID-2859481,CC1CC(=CC(C1CN(CCC[N+](C)(C)C)C(=O)NC2=CC=CC=C2)C)C.[I-],0.08,Inactive,inactive,rf_v1
CID-2897529,CC(C(=O)NC1=CC2=C(C=C1)OCO2)SCC3=CC=CC=C3,0.14,Inactive,inactive,rf_v1
CID-2996944,C1CN(CCN1C2CC(=O)N(C2=O)C3=CC4=C(C=C3)OCO4)C5=CC=C(C=C5)F,0.26,Inactive,inactive,rf_v1
CID-5310264,COC1=CC=CC(=C1)C(=O)NCC(C2=CN=CC=C2)N3CCN(CC3)C4=CC=CC=C4OC,0.13,Inactive,inactive,rf_v1
CID-2891989,CSC1=CC=C(C=C1)C2C(CCC(=O)N2)[N+](=O)[O-],0.13,Inactive,inactive,rf_v1
CID-645409,CCOC(=O)C1=CC(=CC=C1)NC(=O)CCN2C3=CC=CC=C3N=N2,0.27,Inactive,inactive,rf_v1
CID-404643,C1=CC=C(C=C1)C2C(=C(NC3=NC=NN23)N)C#N,0.03,Inactive,inactive,rf_v1
CID-20865610,CC1CCCN(C1)CCCNC(=O)C2=CC3=C(S2)C4=C(C=CC(=C4)C)OC3=O,0.1,Inactive,inactive,rf_v1
CID-9563343,COC1=CC=C(C=C1)C(=O)NN=CC(=O)C2=CC=CC=C2,0.04,Inactive,inactive,rf_v1
CID-2301201,CN(CC(=O)NCCC1=CC=CC=C1)S(=O)(=O)C2=CC=C(C=C2)Br,0.07,Inactive,inactive,rf_v1
CID-3176048,CN(C)CCCNC(=S)N(CCCN(C)C)CC1=CC2=CC3=C(C=C2NC1=O)OCO3,0.17,Inactive,inactive,rf_v1
CID-3240627,C1OC2=C(O1)C=C(C=C2)C3NC4=CC=CC=C4C(=O)N3O,0.14,Inactive,inactive,rf_v1
CID-3240842,COC1=CC(=C(C=C1)CN2C(C3=CC=CC=C3C2=O)C(=O)NCC4CCCO4)OC,0.14,Inactive,inactive,rf_v1
CID-3242319,CC1=C(C=C(C=C1)Cl)N2CCN(CC2)C(=O)C3CCN(CC3)S(=O)(=O)C4=CN=CN4,0.12,Inactive,inactive,rf_v1
CID-9565790,C1=CC=C(C=C1)C2=CN(C(=S)N2)N=CC3=CC=C(C=C3)Br,0.14,Inactive,inactive,rf_v1
CID-2952918,C1=CC=C2C(=C1)C(=NC(=N2)NC3=CC=CC=C3O)NCC4=CC=CO4.Cl,0.06,Inactive,inactive,rf_v1
CID-1485773,COC1=C(C=C(C=C1)CNC(=O)CN2C=NC=N2)OC,0.03,Inactive,inactive,rf_v1
CID-2813457,CC1=CN2C=C(N=C2C=C1)C3=CC=C(S3)C4=CC=CC=N4,0.08,Inactive,inactive,rf_v1
CID-751278,CC1CCN(CC1)C(=S)C2=CC=C(C=C2)O,0.09,Inactive,inactive,rf_v1
CID-886156,CCC1=CC2=C(C=C1OCC(=O)C)OC(=O)C=C2C3=CC=CC=C3,0.08,Inactive,inactive,rf_v1
CID-20940258,CC1=C(N(C2=C1C=C(C=C2)C(=O)NCCCN3CCOCC3)CC4=CC=C(C=C4)Cl)C,0.05,Inactive,inactive,rf_v1
CID-838793,COC1=C(C=C(C=C1)C=C2COC3=CC=CC=C3C2=O)OC,0.03,Inactive,inactive,rf_v1
CID-11958815,COCCNC(=O)C1CC(=NO1)C2=CC=CC=C2[N+](=O)[O-],0.0,Inactive,inactive,rf_v1
CID-16197061,C1C(C=C(OC1OCCCCO)C(=O)N)C2=CC=C(C=C2)C(F)(F)F,0.1,Inactive,inactive,rf_v1
CID-5049117,C1CCC(C1)CC(=O)OCC(=O)NC2=C(C=C(C=C2)[N+](=O)[O-])C#N,0.04,Inactive,inactive,rf_v1
CID-2998407,CC1CCCC(C1C)NS(=O)(=O)C2=CC3=C(C=C2)OCCO3,0.08,Inactive,inactive,rf_v1
CID-2329138,C1=CC=C2C(=C1)C(=O)N(C2=O)CC(=O)NCCC3=CNC4=CC=CC=C43,0.28,Inactive,inactive,rf_v1
CID-1486494,CC1=CC=C(C=C1)SCC2=NC3=CC=CC=C3N2CC(=O)NC4=CC=C(C=C4)Cl,0.19,Inactive,inactive,rf_v1
CID-11834429,C1CN(CCC1NC(=O)COC2=CC=CC=C2F)CC3=CC=CC=C3.Cl,0.01,Inactive,inactive,rf_v1
CID-1284323,CCN(CC)C(=O)C1=C(N(N=C1)C2=CC=CC=C2)NC(=O)C3=CC=CO3,0.16,Inactive,inactive,rf_v1
CID-4881616,CN(C)C(CNC(=O)C1=CC=C(C=C1)C(=O)C2=CC=CC=C2)C3=CC=CC=C3,0.08,Inactive,inactive,rf_v1
CID-974897,CC(C)NS(=O)(=O)C1=C(C=CC(=C1)C(=O)O)Cl,0.12,Inactive,inactive,rf_v1
CID-20939971,CC1=C(NC2=C1C=C(C=C2)C(=O)NCCCN3CCOCC3)C,0.03,Inactive,inactive,rf_v1
CID-23723410,CC1=C(N=C(O1)C2=CC=C(C=C2)C3=CC=CC=C3)CN(CCOC)C(C)C,0.08,Inactive,inactive,rf_v1
CID-82047,C1=CC(=C(C=C1S(=O)(=O)C2=CC(=C(C=C2)O)N)N)O,0.14,Inactive,inactive,rf_v1
CID-2954636,CC1=CC=C(C=C1)C2=NN(C(=N2)N)C(=O)C3=CN=CC=C3,0.17,Inactive,inactive,rf_v1
CID-933382,COC1=C(C=C(C=C1)C(=O)OC2CC3CCC(C2)N3O)OC,0.09,Inactive,inactive,rf_v1
CID-3237180,C(C(C(C(C(F)F)(F)F)(F)F)(F)F)(O)P(=O)(O)O,0.05,Inactive,inactive,rf_v1
CID-1725836,CC1CCN(CC1)C2=NC(=O)C(=CC3=CC=C(C=C3)O)S2,0.07,Inactive,inactive,rf_v1
CID-1548294,C1=CC=C(C(=C1)C(=O)NCCC2=C(NC3=C2C=C(C=C3)Cl)C(=O)O)C(=O)O,0.23,Inactive,inactive,rf_v1
CID-978194,COC(=O)C1=CC=C(C=C1)NC(=O)NC2=CC(=C(C=C2)F)Cl,0.11,Inactive,inactive,rf_v1
CID-5498466,CC(=O)C1=CC(=CC=C1)NC(=O)CON=C2CCCC3=NON=C32,0.0,Inactive,inactive,rf_v1
CID-2991219,CCC(=O)NC1=CC=C(C=C1)C(=O)NC2=C(C=C(C=C2)Br)F,0.11,Inactive,inactive,rf_v1
CID-2293901,CC1=CC=C(C=C1)SCCNC(=O)C(CO)(CO)CO,0.05,Inactive,inactive,rf_v1
CID-5309468,CCOC1=CC=C(C=C1)N(CC(=O)NCC2=CC=CS2)S(=O)(=O)C3=C(ON=C3C)C,0.36,Inactive,inactive,rf_v1
CID-2220968,CC1=CC=NN1CCCNC(=O)C2=CC(=NC3=C2C=CC(=C3C)Cl)C4=CC=CC=N4,0.07,Inactive,inactive,rf_v1
CID-885660,C1=COC(=C1)C(=O)NC2=CC(=C(C=C2)NC(=O)C3=CC=CS3)Cl,0.12,Inactive,inactive,rf_v1
CID-16193014,CC1=CC=C(C=C1)CN=C2C(=NN(N2O)C3=CC=C(C=C3)Cl)[N+](=O)[O-],0.09,Inactive,inactive,rf_v1
CID-16197090,CCOC1C(C(C=C(O1)C(=O)NCC#C)C2=CC=C(C=C2)Br)CCCO,0.06,Inactive,inactive,rf_v1
CID-3206905,CC1=CC=C(C=C1)S(=O)(=O)NCC(=O)N(CC2=CC3=C(C=C2)OCO3)CC(=O)NC(C)(C)C,0.16,Inactive,inactive,rf_v1
CID-1790575,C1=CC=C(C=C1)CCC(=O)NNC(=S)NC(=O)C2=CC=CC=C2,0.03,Inactive,inactive,rf_v1
CID-2679232,CC1=CSC(=N1)NC(=O)C2=CC(=C(C=C2)OC)S(=O)(=O)N3CCCC3,0.02,Inactive,inactive,rf_v1
CID-6458297,COC1=C(C=C(C=C1)C(=O)NC2=CC=CC=C2C(=O)NCC3=CN=CC=C3)OC,0.19,Inactive,inactive,rf_v1
CID-755776,C1=CC=C(C=C1)C(=O)CNC(=O)C2=CC=CC=C2F,0.02,Inactive,inactive,rf_v1
CID-16192056,C1CN(CCC1(CC2=CC=CC=C2Cl)CO)CC=CC3=CC=CC=C3,0.15,Inactive,inactive,rf_v1
CID-2055778,COC(=O)C1=CC=C(O1)COC2=CC3=C(C=C2)C4=C(CCC4)C(=O)O3,0.12,Inactive,inactive,rf_v1
CID-16745839,CC1=C(C=C(C=C1)CC2C(=O)NC(=C(C#N)C(=O)C)S2)Cl,0.07,Inactive,inactive,rf_v1
CID-654871,CCOC1=CC=C(C=C1)C2=CN(C=N2)CCC#N,0.04,Inactive,inactive,rf_v1
CID-3683918,CC1=CSC(=N1)SCC2=CC=C(C=C2)C(=O)O,0.06,Inactive,inactive,rf_v1
CID-1303546,CN(C1=CC=C(C=C1)C(=O)NC2=C(C=C(C=C2)F)F)S(=O)(=O)C3=CC=CC=C3,0.12,Inactive,inactive,rf_v1
CID-24790227,CC(C1=NOC=C1)N(C)C(=O)C2=CC3=C(C=C2)N=C(O3)CC4=CC=C(C=C4)OC,0.06,Inactive,inactive,rf_v1
CID-22519165,CCC1=CC=C(C=C1)NC(=O)C2=CC(=CN2C)S(=O)(=O)N3CCC4=CC=CC=C43,0.11,Inactive,inactive,rf_v1
CID-16804877,CC1=CC(=CC2=C1NC(=O)C=C2C)S(=O)(=O)NC3=CC=C(C=C3)O,0.15,Inactive,inactive,rf_v1
CID-4531782,CC(C)CCNC(=O)C1CC(=O)N(C1)C2CCCC2,0.02,Inactive,inactive,rf_v1
CID-16194915,C1=CC(=CN=C1)CSC2=NN=C3N2N=C(C=C3)C4=CC=CO4,0.06,Inactive,inactive,rf_v1
CID-1082750,CC1=CC=C(C=C1)N2C=NC3=C(C2=O)C(=CS3)C4=CC(=C(C=C4)OC)OC,0.08,Inactive,inactive,rf_v1
CID-661261,CN1C2=CC=CC=C2N=C1NC(=O)C3=CC=CC=C3NC(=O)C4=CC=CO4,0.05,Inactive,inactive,rf_v1
CID-2106737,COC(=O)CNC(=O)COC(=O)C1=C(C(=CC(=C1)Cl)Cl)N,0.02,Inactive,inactive,rf_v1
CID-1068729,C1COCCN1C2=NC(=NC(=N2)NCC3=CC=CC=C3)N4CCOCC4,0.03,Inactive,inactive,rf_v1
CID-23723985,CN(C1CCCN(C1)CC2=CC=CC=C2F)C(=O)C3=CC=NC=C3,0.01,Inactive,inactive,rf_v1
CID-5308636,CC1=C(C=C(C=C1)F)NC2=CC(=NC3=NC=NN23)C,0.03,Inactive,inactive,rf_v1
CID-5096953,CN(C)C(=O)C1CC2=CC=CC=C2CN1S(=O)(=O)C3=CC=CS3,0.01,Inactive,inactive,rf_v1
CID-2106208,CC1=CC(=CC=C1)S(=O)(=O)NNC(=O)CC2=CC=CN2C,0.03,Inactive,inactive,rf_v1
CID-306464,C1=CC=C(C(=C1)NC(=O)NCC2=CC=NC=C2)Cl,0.09,Inactive,inactive,rf_v1
CID-1541643,CCOC(=O)C1=CC=C(C=C1)CNC(=O)CSC2=NN=C(O2)C3=CC=NC=C3,0.03,Inactive,inactive,rf_v1
CID-789173,C1=CC=C(C=C1)CNC(=O)C2=C(C=C(C=C2)Cl)[N+](=O)[O-],0.1,Inactive,inactive,rf_v1
CID-891743,CC1=NC(=CS1)C2=CC=C(C=C2)C(=O)NC3=CC=C(C=C3)F,0.07,Inactive,inactive,rf_v1
CID-6459719,CC1=CC(=C(C=C1)O)NC(=O)CSC2=NNC(=N2)C3=CC=CC=C3,0.1,Inactive,inactive,rf_v1
CID-666650,CN1C2=C(C(=O)N(C1=O)C)N(C(=N2)CN3CCN(CC3)C(=O)C4=CC=CO4)CC5=CC(=CC=C5)Cl,0.05,Inactive,inactive,rf_v1
CID-16261541,C1CCN(C1)C2=CC=CC=C2NC(=O)CC3=CC=C(S3)S(=O)(=O)N4CCOCC4,0.26,Inactive,inactive,rf_v1
CID-16188654,COC1=C(C=C(C=C1)CC2=NOC(=N2)CN3CCC(CC3)C4=CC=NC=C4)OC,0.05,Inactive,inactive,rf_v1
CID-24791657,CCN(CCN1C=CC=N1)C(=O)C2=CC3=C(C=C2)N=C(O3)CC4=CC=C(C=C4)OC,0.12,Inactive,inactive,rf_v1
CID-16009453,CN1C2=C(C=C(C=C2)S(=O)(=O)N3CCCC(C3)C(=O)N4CCN(CC4)C5=CC=C(C=C5)OC)OC1=O,0.02,Inactive,inactive,rf_v1
CID-16190245,COC(=O)C1=CC=CC(=C1)C(=O)N2CCCC(C2)CNC(=O)C3=CC=CC=C3Cl,0.05,Inactive,inactive,rf_v1
CID-2411780,COC1=CC(=CC(=C1OC)OC)CC(=O)OCC(=O)NC2=C(C=CC(=C2)[N+](=O)[O-])Cl,0.08,Inactive,inactive,rf_v1
CID-2737153,CCOC(=O)C1=CN=C(N=C1C(F)(F)F)N,0.04,Inactive,inactive,rf_v1
CID-3809123,CC(C)[N+]1=C2C=CC=CC=C2SC13C(=CC(=[N+]([O-])[O-])C=C3[N+](=O)[O-])[N+](=O)[O-],0.29,Inactive,inactive,rf_v1
CID-1513374,C1=CC=C(C=C1)N(C2=CC=CC=C2)C3=NC(=NC(=N3)N4C=CN=C4)N5C=CN=C5,0.08,Inactive,inactive,rf_v1
CID-12006179,C1COC(N1S(=O)(=O)C2=CC=CS2)CNC(=O)C(=O)NCC3=CC=C(C=C3)Cl,0.09,Inactive,inactive,rf_v1
CID-2850489,CCCCN=CC1=C(C2=C(S1)C=CC(=C2)OCC)O,0.03,Inactive,inactive,rf_v1
CID-12005275,CC1=CC=C(C=C1)C2=C(OC(=O)C3=CC=CC=C32)C(=O)NCC4=CC=C(C=C4)F,0.05,Inactive,inactive,rf_v1
CID-3245207,C1C(ON=C1C2=CC=C(C=C2)F)C(=O)NCC3=CN=CC=C3,0.03,Inactive,inactive,rf_v1
CID-737178,C1=CC=C(C(=C1)C(=O)O)SCC(=O)C2=CC=C(C=C2)Cl,0.12,Inactive,inactive,rf_v1
CID-5143769,CC1=CC=C(C=C1)C2CC2C(=O)NNC(=S)NC3=CC=C(C=C3)OC,0.2,Inactive,inactive,rf_v1
CID-1449718,CC1=C(C=C(C=C1)N2C(=NN=N2)SCC(=O)NC3=NC(=CS3)C4=CC=C(C=C4)F)C,0.06,Inactive,inactive,rf_v1
CID-12005960,C1COCCC1(C2=CC=CS2)C(=O)N3CCN(CC3)C4=CC=CC=C4,0.24,Inactive,inactive,rf_v1
CID-849719,CC1=CC(=C(C(=C1)C)C2=NOC(=C2C(=O)OC)C(=O)OC)C,0.1,Inactive,inactive,rf_v1
CID-1293631,C1CN(CC2=CC=CC=C21)C(=O)CN(C3=CC(=CC=C3)Cl)S(=O)(=O)C4=CC=C(C=C4)Cl,0.07,Inactive,inactive,rf_v1
CID-1967488,CC1=C(C=C(C=C1)S(=O)(=O)NC2=C(NC3=CC=CC=C32)C(=O)O)C,0.19,Inactive,inactive,rf_v1
CID-6873460,CC1=CC=C(C=C1)S(=O)(=O)NN=CC2=C(N(N=C2)C)C,0.07,Inactive,inactive,rf_v1
CID-1010937,C1CN(CCN(C1)C(=O)C=CC2=CC=CC=C2Cl)C(=O)C=CC3=CC=CC=C3Cl,0.13,Inactive,inactive,rf_v1
CID-1301621,C1=CC(=CC(=C1)[N+](=O)[O-])C(=O)C2=CC3=C(C=C2)C(=O)N(C3=O)CCCC(=O)O,0.21,Inactive,inactive,rf_v1
CID-2838224,CCN(CC)C(=O)C1CCCN(C1)CC2=CC(=C(C=C2)F)F,0.03,Inactive,inactive,rf_v1
CID-8035452,CCCCOC1=C(C=C(C=C1)C(=O)NC2=CC(=CC=C2)N3C=NN=N3)OC,0.08,Inactive,inactive,rf_v1
CID-12004680,CC1=C(C=C(C=C1)NC(=O)C(C)[N+]2=CC=CC=C2)[N+](=O)[O-].[Br-],0.05,Inactive,inactive,rf_v1
CID-2928840,CC12CC3(CC(C1)(CC(C2)(C3)NC(=O)N4CCCC4)C)C,0.01,Inactive,inactive,rf_v1
CID-22519080,CC1=CC(=C(C=C1)C)NC(=O)C2=CC(=CN2C)S(=O)(=O)N3CCOCC3,0.05,Inactive,inactive,rf_v1
CID-24817850,CC1=C(N2C=CC=CC2=N1)CN(C)C(=O)C3CCC(=O)N(C3)CC4=CC(=CC=C4)F,0.06,Inactive,inactive,rf_v1
CID-795026,C1=CC2=C(C=C1N=CC3=C(C=CC(=C3)Br)O)C=NN2,0.08,Inactive,inactive,rf_v1
CID-655180,C1CCN(C1)S(=O)(=O)C2=CC=C(C=C2)C3=NOC(=N3)C4CCCN(C4)C(=O)CC5=CC=CS5,0.03,Inactive,inactive,rf_v1
CID-6569556,CCC1=CC(=O)OC2=C1C(=CC(=C2)C)OCC(=O)N3CCCC3C(=O)O,0.01,Inactive,inactive,rf_v1
CID-9587091,CC1=C(C=C(C=C1)OCC(=O)ON=C(C2=CC=CC=N2)N)C,0.05,Inactive,inactive,rf_v1
CID-2224723,C1OC2=C(O1)C=C(C(=C2)COC3=CC=C(C=C3)C4=NNN=N4)Br,0.02,Inactive,inactive,rf_v1
CID-685929,CC1=C(C(=NC(=C1Cl)C)Cl)S(=O)(=O)N,0.02,Inactive,inactive,rf_v1
CID-652797,CC1=NC2=NC3=CC=CC=C3N2C(=C1)N4CCN(CC4)C5=CC=CC=C5,0.02,Inactive,inactive,rf_v1
CID-1479456,CC1=NC(=CC(=N1)NCC2=C(C=C(C=C2)Cl)Cl)CS(=O)C3=CC=C(C=C3)Cl,0.2,Inactive,inactive,rf_v1
CID-4151364,CC1(CC2=C(C=C(C(=O)N2C3=CC=CC=C3)C(=O)NNC4=CC=CC=C4)C(=O)C1)C,0.39,Inactive,inactive,rf_v1
CID-2032322,CCN(CC)CCCNC1=C2C3=C(CN(CC3)C)SC2=NC(=N1)SC,0.03,Inactive,inactive,rf_v1
CID-4617025,C1CCC2=C(C1)C=CC(=C2)C3=NN=C(O3)NC(=O)C4=C(C=C(C=C4)Cl)Cl,0.04,Inactive,inactive,rf_v1
CID-648734,CN(C1=NN=C(S1)C2=CC(=CC=C2)OC)C(=O)C3=CC=NO3,0.06,Inactive,inactive,rf_v1
CID-6465362,CCCNC(=O)NC1CCCC2=CC=CC=C12,0.01,Inactive,inactive,rf_v1
CID-2236875,CC1=CC=CC=C1NC(=O)NC2=CC=C(C=C2)NC(=O)C,0.05,Inactive,inactive,rf_v1
CID-24789509,CC1=CC(=C(C=C1)NC(=O)CCNS(=O)(=O)C2=CC3=C(C=C2)NC(=O)CC3)Br,0.08,Inactive,inactive,rf_v1
CID-16195137,CC1=CC=C(O1)C2N3CCCC3C(=O)N2C4=CC=C(C=C4)OC,0.13,Inactive,inactive,rf_v1
CID-1924732,CC1=CC(=NO1)NC(=O)NC(C)(C(F)(F)F)C(F)(F)F,0.02,Inactive,inactive,rf_v1
CID-135426866,C1=CC2=C(C=C(C=C2)O)N=C1,0.01,Inactive,inactive,rf_v1
CID-24747726,CCN(CC)CCN1C=NC2=C1C(=O)NC(=O)N2CC3=CC=CC=C3.Cl,0.04,Inactive,inactive,rf_v1
CID-135420891,C1=CC=C2C(=C1)C(=C(C(=O)O2)C=NC3=CN=CC=C3)O,0.12,Inactive,inactive,rf_v1
CID-3509287,CCCCNS(=O)(=O)C1=CC2=C(C=C1)N=C(C=C2C(=O)NC3CC3)C4=CN=CC=C4,0.25,Inactive,inactive,rf_v1
CID-62935,C1CN(CCN1CCCN2C(=O)N3C=CC=CC3=N2)C4=CC(=CC=C4)Cl.Cl,0.16,Inactive,inactive,rf_v1
CID-2996577,C1CC(OC1)C(=O)NC2=CC=CC=C2NC(=O)C3=CC=CO3,0.02,Inactive,inactive,rf_v1
CID-7677745,C1C2C(=O)N(C(=O)N2CC3=CC=CC=C31)CCCCCC(=O)NC4=CC=CC=C4F,0.19,Inactive,inactive,rf_v1
CID-24818287,COC1=C(C=C(C=C1)CC(=O)NCCCSC2=CC=CC=C2)OC,0.02,Inactive,inactive,rf_v1
CID-9050,CC12CCC(=O)C=C1CCC3C2CCC4(C3CCC4(C(=O)CO)O)C,0.01,Inactive,inactive,rf_v1
CID-1550644,CC1=C(C(=O)N(N1C)C2=CC=CC=C2)N=CC=CC3=CC=CC=C3,0.14,Inactive,inactive,rf_v1
CID-2840612,C1CC(C2=C(C1)C3=C(N2)C=CC(=C3)Cl)NC=O,0.12,Inactive,inactive,rf_v1
CID-4826814,COC1=CC(=C(C=C1)OC)NC(=O)CCCSC2=CC=CC=C2,0.03,Inactive,inactive,rf_v1
CID-16017504,CCN(C1=CC=C(C=C1)OC)S(=O)(=O)C2=NN=C(S2)NC(=O)COC3=CC=C(C=C3)F,0.22,Inactive,inactive,rf_v1
CID-16193111,COCCNC(=O)CCCN1C(=O)C2=CC(=C(C=C2N(C1=O)CC(=O)C3=CC=CC=C3)OC)OC,0.04,Inactive,inactive,rf_v1
CID-135432322,CCCCCCC1=C(C=C2C(=C1)C=C(C(=N)O2)C(=O)NC)O,0.18,Inactive,inactive,rf_v1
CID-4569223,COC1=C(C=C(C=C1)CCNC(=O)CSC2=NC3=C(C=NN3)C(=O)N2C4=CC=C(C=C4)Br)OC,0.11,Inactive,inactive,rf_v1
CID-2949255,CC1=C(C(C2=C(N1)CCCC2=O)C3=COC4=CC=CC=C4C3=O)C(=O)NC5=CC=CC=C5,0.09,Inactive,inactive,rf_v1
CID-312890,C1CC(=O)C2=C1C=C(C=C2)N,0.04,Inactive,inactive,rf_v1
CID-2444522,CC(C)OC1=CC=C(C=C1)C(=O)NCC2=CC=CC=C2OC,0.03,Inactive,inactive,rf_v1
CID-1482949,C1=CC(=CC=C1CC2=NNC(=O)C=C2)Cl,0.02,Inactive,inactive,rf_v1
CID-7207274,C1=CC(=CC(=C1)[N+](=O)[O-])C(=O)CSC2=NN=C(C=C2)C3=CC=CO3,0.06,Inactive,inactive,rf_v1
CID-5767543,COC1=C(C=C(C=C1)C=C(C(=O)NCCN2CCOCC2)NC(=O)C3=CC=CC=C3)OC,0.05,Inactive,inactive,rf_v1
CID-6401469,C1=CC(=C(C=C1NC2=NN=C(C=C2)N3C=CN=C3)Cl)Cl,0.08,Inactive,inactive,rf_v1
CID-9627444,COC1=CC=CC(=C1)C=NNC(=O)CN2C3C(NC(=O)N3)NC2=O,0.32,Inactive,inactive,rf_v1
CID-2940850,C1CN(CCN1C2=NS(=O)(=O)C3=CC=CC=C32)C(=O)C4CC(=O)N(C4)C5=CC=CC=C5,0.2,Inactive,inactive,rf_v1
CID-2524141,COCCNC1=NC=C(C=C1)S(=O)(=O)N2CCCC2,0.05,Inactive,inactive,rf_v1
CID-16196154,C1=CC(=C[N+](=C1)CC(=O)N)CNC(=O)C2=CC=C(C=C2)OC(F)F.[Cl-],0.05,Inactive,inactive,rf_v1
CID-718477,CC1=NC2=C(C(=N1)OC)SC(=S)N2C,0.02,Inactive,inactive,rf_v1
CID-3646489,CC(C(=O)NC1=C(C=C(C=C1)[N+](=O)[O-])Cl)N(C)CC2=CC(=C(C=C2)OC(F)F)OC,0.08,Inactive,inactive,rf_v1
CID-2812337,CC1=CC(=CC(=C1)NC(=O)NCC(COC2=CC=C(C=C2)OC)O)C,0.09,Inactive,inactive,rf_v1
CID-8485697,C1=CC=C(C(=C1)NC(=S)NCCC2=CC(=CC=C2)Cl)F,0.14,Inactive,inactive,rf_v1
CID-834548,C1=CC(=CC(=C1)F)C(=O)NC2=CC=CC3=C2C=CC=N3,0.06,Inactive,inactive,rf_v1
CID-135510995,CC1=NN(C(=O)C1=CC2=C(NC(=S)NC2=O)O)C3=CC=CC=C3,0.14,Inactive,inactive,rf_v1
CID-3829470,CCOC1=CC=C(C=C1)C2CC(N3C(=NC=N3)N2)C4=CC=C(C=C4)OC,0.04,Inactive,inactive,rf_v1
CID-3245037,CC1=CC(=CC=C1)N(C2CCCCC2)C(=O)C3=CN=C4N(C3=O)CCS4,0.08,Inactive,inactive,rf_v1
CID-1154227,C1COCCN1S(=O)(=O)C2=CC=C(C=C2)NC(=O)C3=CC=C(O3)Br,0.05,Inactive,inactive,rf_v1
CID-9631514,CCOC1=CC=CC(=C1)C2=C(N=NN2C3=NON=C3N)C(=O)NN=C(C)C4=CC=NC=C4,0.13,Inactive,inactive,rf_v1
CID-642371,C1=CC=C(C=C1)C=C2C3=CC=CC=C3C(=O)O2,0.17,Inactive,inactive,rf_v1
CID-1489209,C1=CC=C(C=C1)S(=O)(=O)C2=CNC(=O)N2,0.08,Inactive,inactive,rf_v1
CID-1147919,COC1=C(C=C(C=C1)C(=O)N2CCN(CC2)S(=O)(=O)C3=CC=C(C=C3)Cl)OC,0.06,Inactive,inactive,rf_v1
CID-660236,CC(C)CCCN(CC1=CC=CO1)C2=NC(=NC(=N2)N3CCOCC3)N4CCOCC4,0.05,Inactive,inactive,rf_v1
CID-3543368,C1OC2=C(O1)C=C(C=C2)N3C(=NC4=NC5=CC=CC=C5N=C43)C6=CC=CC=C6Cl,0.04,Inactive,inactive,rf_v1
CID-24793430,C1CC(CN(C1)CCNC(=O)C2=NOC(=C2)COC3=C(C=C(C=C3)F)Cl)O,0.06,Inactive,inactive,rf_v1
CID-135700807,COC1=CC=C(C=C1)C(=O)NC2=C(N=C(NC2=O)SCC(=O)C3=CC=CC=C3)N,0.02,Inactive,inactive,rf_v1
CID-199161,C1=CC=C(C(=C1)CSC(=N)N)Cl.Cl,0.06,Inactive,inactive,rf_v1
CID-6498846,CN(C)C(=O)N1CCN(C1C2=CC=C(C=C2)OC)S(=O)(=O)C3=CC=C(C=C3)OC,0.03,Inactive,inactive,rf_v1
CID-2530304,CN(CC(=O)N1CCOCC1)C(=O)CSC2=NC3=CC=CC=C3S2,0.05,Inactive,inactive,rf_v1
CID-735678,CCC1=NC(=NN1)SCC2=CC=C(C=C2)[N+](=O)[O-],0.03,Inactive,inactive,rf_v1
CID-4877808,C1CCN(C(C1)C(=O)NC2=NN=C(S2)C3CC3)S(=O)(=O)C4=CC=CC=C4,0.06,Inactive,inactive,rf_v1
CID-5307914,C1CN(CCN1C2=NN=C(C=C2)N3CCOCC3)C(=O)CCCC4=CNC5=CC=CC=C54,0.14,Inactive,inactive,rf_v1
CID-650808,CC1=CC2=C(C=C1)N(N=N2)C3CCN(CC3)S(=O)(=O)C4=CC(=CC=C4)S(=O)(=O)N(C)C,0.09,Inactive,inactive,rf_v1
CID-650840,CC1=NC(=C2C(=N1)N(N=N2)CC3=CC=CC=C3)NCC4=CC5=C(C=C4)OCO5,0.04,Inactive,inactive,rf_v1
CID-2021530,C1CN(CCN1C2=CC=CC=C2)C3=C4C(=CSC4=NC=N3)C5=CC=CS5,0.06,Inactive,inactive,rf_v1
CID-2241667,COC1=CC2=C(C=C1)C(=O)C(=CNC3=CC4=C(C=C3)OCO4)CC2,0.09,Inactive,inactive,rf_v1
CID-1949560,CC1=CC=C(C=C1)N2C(=C(C3=NC4=CC=CC=C4N=C32)C(=O)NC5=C(N(N(C5=O)C6=CC=CC=C6)C)C)N,0.05,Inactive,inactive,rf_v1
CID-650460,CC1=C(C(=CC=C1)OCC2=NN=C(N2CC3=CC=CO3)SCC(=O)NC4=NOC(=C4)C)C,0.11,Inactive,inactive,rf_v1
CID-1502192,CCC(=O)NCC1=C(C=CC(=C1)C2=NN(C(=O)C3=CC=CC=C32)C)OC,0.03,Inactive,inactive,rf_v1
CID-3127473,C1CN(CCN1CCNC(=O)C(=O)NCC2=CC=CO2)C(=O)C3=CC(=CC=C3)[N+](=O)[O-],0.05,Inactive,inactive,rf_v1
CID-16274920,CC1CCCCN1C(=O)COC(=O)CC2=CC(=C(C(=C2)OC)OC)OC,0.06,Inactive,inactive,rf_v1
CID-2738197,CC1=C(C(=NO1)C2=CC=CC=C2)CNC(=O)NC3=CC(=CC=C3)OC,0.1,Inactive,inactive,rf_v1
CID-2884252,C1C(NC2=C(C=NN2C1C(F)(F)F)C(=O)NCC3=CC=CO3)C4=CC=C(C=C4)Br,0.12,Inactive,inactive,rf_v1
CID-4496761,CC1(C(=O)NC(=O)N1)C2=CC=C(C=C2)OCC(=O)N,0.03,Inactive,inactive,rf_v1
CID-2326411,CCOC(=O)C1CCN(CC1)C(=O)C=CC2=CC=CS2,0.13,Inactive,inactive,rf_v1
CID-3239534,CC1=C(C(=CC=C1)N2CCN(CC2)C(=O)C3CCN(CC3)S(=O)(=O)C4=CN=CN4)C,0.04,Inactive,inactive,rf_v1
CID-2938440,CC1CN(CC(O1)C)C(=O)CC2=CC=C(C=C2)C,0.06,Inactive,inactive,rf_v1
CID-756904,CC1=CC(=NC(=C1)NC(=O)CCCC(=O)O)C,0.0,Inactive,inactive,rf_v1
CID-2763434,CCOC(=O)C1=C2C=CC=CN2C=C1C3=CC=C(C=C3)OC,0.22,Inactive,inactive,rf_v1
CID-1071284,C1COC2=C(O1)C=CC(=C2)S(=O)(=O)N(CC(=O)NCC3=CC=CC=C3)C4=CC=C(C=C4)F,0.06,Inactive,inactive,rf_v1
CID-654048,CC(C)C(=O)NC1=CC=CC2=NSN=C21,0.04,Inactive,inactive,rf_v1
CID-5132058,CC1=C(C(=O)N(N1C)C2=CC=CC=C2)NC(=O)CN3C(=O)C(NC3=O)(C)C4=CC5=C(C=C4)C=C(C=C5)OC,0.06,Inactive,inactive,rf_v1
CID-9641387,CC1=CC=C(O1)C=NNC(=O)C2=C(N(N=N2)C3=NON=C3N)CSC4=CC=C(C=C4)Cl,0.07,Inactive,inactive,rf_v1
CID-20846835,CC1=NN(C(=C1C=NNC(=O)CNC(=O)C2=CC=CC=C2Cl)Cl)C3=CC=CC=C3,0.1,Inactive,inactive,rf_v1
CID-1301637,CSC1=CC=C(C=C1)S(=O)(=O)NC2=CC=C(C=C2)OCC(=O)N3CCOCC3,0.05,Inactive,inactive,rf_v1
CID-2148481,CN1C(=CC(=O)N(C1=O)C)NC(=O)CC2=CC=CC3=CC=CC=C32,0.02,Inactive,inactive,rf_v1
CID-931415,C1CCC(=NNC2=CC=CC=CC2=O)CC1,0.03,Inactive,inactive,rf_v1
CID-2216018,CC1(C(=O)N(C(=O)N1)CCOCCOC2=CC(=CC=C2)OC3=CC=CC=C3)C,0.05,Inactive,inactive,rf_v1
CID-3242781,CCCCN(CCCC)S(=O)(=O)C1=CC=C(C=C1)C(=O)NC2=NN=C(O2)CSC,0.09,Inactive,inactive,rf_v1
CID-9559946,C1=CC=C(C=C1)CSC2=C(C=C(C=C2)C=NO)[N+](=O)[O-],0.12,Inactive,inactive,rf_v1
CID-24792634,COC1=CC=C(C=C1)C2=C(C3=C(O2)C=CC=N3)C#CCO,0.06,Inactive,inactive,rf_v1
CID-24761232,CN1CCC(=O)N(CC1)C(CC#N)C2=CC=CC=C2,0.03,Inactive,inactive,rf_v1
CID-15944936,C1COCCN1CCNCC(=O)NC2=CC=CC=C2SC3=CC=CC=C3.C(=O)(C(=O)O)O,0.13,Inactive,inactive,rf_v1
CID-16192624,CCOC1=C(C(=CC(=C1)CNCCC2=CNC3=CC=CC=C32)Cl)OC.Cl,0.07,Inactive,inactive,rf_v1
CID-6900559,CC1=CC=C(O1)C=NNC(=O)C2=CC(=CC=C2)S(=O)(=O)N3CCOCC3,0.11,Inactive,inactive,rf_v1
CID-9552025,CC(=C(C#N)C(=O)CSC1=NC2=C(N1)C=C(C=C2)OC)N,0.02,Inactive,inactive,rf_v1
CID-16404087,CC1CCC2C(C(OC3C24C1CCC(O3)(OO4)C)OC(=O)CCC(=O)NC(C)(C)CO)C,0.09,Inactive,inactive,rf_v1
CID-2997614,CCN1C2=C(C=C(C=C2)C3C(=C(NC(=C3C#N)C)C)C#N)C4=CC=CC=C41,0.21,Inactive,inactive,rf_v1
CID-7367310,C1=CC=C(C=C1)C(=O)NC(=CC2=CN=CC=C2)C(=O)N,0.03,Inactive,inactive,rf_v1
CID-1266460,CN(CC(=O)NC1=C(C=CC(=C1)Cl)OC)S(=O)(=O)C2=C(C=CC(=C2)OC)OC,0.05,Inactive,inactive,rf_v1
CID-811779,CC1=CC(=CC=C1)N=NC2=C(NN(C2=O)C3=CC=CC=C3)C,0.13,Inactive,inactive,rf_v1
CID-16248606,C1CCCC(CC1)NCCC2=CC=CC=C2.C(=O)(C(=O)O)O,0.05,Inactive,inactive,rf_v1
CID-753423,CC1=NC(=NN1)SCC(=O)NC2=CC=CC=C2C(=O)OC,0.01,Inactive,inactive,rf_v1
CID-135641878,CN1C2=C(C(=O)N(C1=O)C)N(C=N2)CC(=O)NN=CC3=CNC4=CC=CC=C43,0.13,Inactive,inactive,rf_v1
CID-1223584,C1CN(CCN1C2=CC=CC=C2)C(=O)C3=CC=C(C=C3)CN4C=C(C=N4)Br,0.1,Inactive,inactive,rf_v1
CID-977572,CCCC1=NN=C(S1)NC(=O)CN2C=NC3=CC=CC=C3C2=O,0.09,Inactive,inactive,rf_v1
CID-2301239,CCOC1=CC=C(C=C1)N2C(=O)C(=CN3CCC(CC3)C(=O)OCC)C(=O)NC2=O,0.12,Inactive,inactive,rf_v1
CID-2563263,CC1=CC=CC=C1OCCSC2=NN=C(N2N)C3=CN=CC=C3,0.06,Inactive,inactive,rf_v1
CID-16023027,CN(CC1=CC=C(C=C1)F)S(=O)(=O)C2=NN=C(S2)NC(=O)C3=CC=CC=C3,0.15,Inactive,inactive,rf_v1
CID-868468,CC1=CC(=CC(=C1)OCCN2C=CN=C2)C,0.04,Inactive,inactive,rf_v1
CID-5725473,CC1=CC(=NC(=N1)N=C(N)NC2=CC=CC=C2OC)C,0.01,Inactive,inactive,rf_v1
CID-2135664,CC1=CC=C(C=C1)NC(=O)CN2C(=C(N=N2)C(=O)NCC3=CC=CS3)N,0.06,Inactive,inactive,rf_v1
CID-17095611,CC1=NOC(=C1Cl)C(=O)NC2=CC(=C(C(=C2)OC)OC)OC,0.08,Inactive,inactive,rf_v1
CID-6486044,CC1=C(C=C(C=C1)NS(=O)(=O)C2=CSC(=C2)C(=O)N)C,0.15,Inactive,inactive,rf_v1
CID-779542,C1=CC=C(C=C1)N2C(=O)C(=O)C=C(N2)Cl,0.02,Inactive,inactive,rf_v1
CID-2986526,CCS(=O)(=O)C1=NC=C(C(=N1)C(=O)NC2=CC=CC=C2OC)Cl,0.06,Inactive,inactive,rf_v1
CID-1796033,C1C2C(=O)N(CC(=O)N2CC3=C1C4=CC=CC=C4N3)CCCCCO,0.18,Inactive,inactive,rf_v1
CID-2975385,COC1=C(C=C(C=C1)[N+](=O)[O-])N(CC(=O)NC2=CC=CC=C2C(=O)N3CCOCC3)S(=O)(=O)C,0.33,Inactive,inactive,rf_v1
CID-1263064,C1CN(CCN1CCO)C(=O)C2=CC3=C(C=CC4=CC=CC=C43)OC2=O,0.08,Inactive,inactive,rf_v1
CID-204149,C1=CC=C(C=C1)C2=CN3C=CC=NC3=N2,0.03,Inactive,inactive,rf_v1
CID-24817030,CC1=CC(=NC=C1)NC(=O)C2=CC(=CC=C2)S(=O)(=O)N(CC3=CC=CC=C3)C4=CC=CC=C4OC,0.13,Inactive,inactive,rf_v1
CID-6403001,COC1=CC=C(C=C1)C(=O)CSC2=NC(=C(N=N2)C3=CC=CO3)C4=CC=CO4,0.08,Inactive,inactive,rf_v1
CID-4485,CC1=C(C(C(=C(N1)C)C(=O)OC)C2=CC=CC=C2[N+](=O)[O-])C(=O)OC,0.19,Inactive,inactive,rf_v1
CID-3223492,COC1=C(C=CC(=C1)S(=O)(=O)N2CCC(CC2)C3=NC4=CC=CC=C4S3)S(=O)(=O)NC5CCCC5,0.06,Inactive,inactive,rf_v1
CID-847672,CN1CCN(CC1)C(=O)C2=CC=C(C=C2)CN3CCOCC3,0.07,Inactive,inactive,rf_v1
CID-23724277,CN(C)CCN(CC1=CC=CC=C1)CC2=CC(=C(C=C2)OCC3=CC=CC=C3)OC.C(=O)(C(=O)O)O,0.12,Inactive,inactive,rf_v1
CID-1924681,COC1=CC=C(C=C1)C2=NC3=CC(=NN3C(=C2)C(F)(F)F)C(=O)NCCCN4CCOCC4,0.02,Inactive,inactive,rf_v1
CID-1340719,CC1=CC(=C(C=C1)O)NC(=O)C2=CC3=C(C=C2)C(=O)N(C3=O)CC(C)C,0.24,Inactive,inactive,rf_v1
CID-826244,COC1=CC=C(C=C1)C2=NC3=CC=CC=C3C(=C2)OC,0.03,Inactive,inactive,rf_v1
CID-3341651,CCN(CC)C1=CC=C(C=C1)N=CC2=C(N(C(=O)NC2=O)CCC3=CC(=C(C=C3)OC)OC)O,0.07,Inactive,inactive,rf_v1
CID-4430791,C1CCCN(CC1)C2=NC(=NC(=C2[N+](=O)[O-])N)NCCO,0.1,Inactive,inactive,rf_v1
CID-5009697,CC1=CC=C(C=C1)OC(C)C(=O)N=NC2=C(NC3=C2C=C(C=C3)[N+](=O)[O-])O,0.12,Inactive,inactive,rf_v1
CID-1471700,CC1=C(C=C(C(=N1)OC2=CC=C(C=C2)F)C#N)C(=O)C,0.01,Inactive,inactive,rf_v1
CID-9566812,C1=CC=C(C=C1)C2C(C2(Cl)Cl)C=NNC(=O)C3=CC(=CC=C3)Br,0.14,Inactive,inactive,rf_v1
CID-24817459,CCC1=NC=C(C=N1)CN2CCCC(C2)C(=O)NC3=CC=CC(=C3)C4=CC=CC(=C4)C,0.07,Inactive,inactive,rf_v1
CID-9668038,CCC1=CC=C(C=C1)OCC(=O)NN=C(C)C2=CC=CC=C2OC(F)F,0.05,Inactive,inactive,rf_v1
CID-8034885,CN1C(=CC(=O)N(C1=O)C)CNC(=O)CNC(=O)C2=CC(=CC=C2)Cl,0.08,Inactive,inactive,rf_v1
CID-24793800,CC1=CC2=C(C(=C1)Cl)OC(=C2C)C(=O)N3CCN(CC3)C4CCS(=O)(=O)C4,0.04,Inactive,inactive,rf_v1
CID-20893576,CCC1=NN(C(=O)C2=CC3=C(N21)C=CO3)C(C)C(=O)NCCN4CCCCCC4,0.04,Inactive,inactive,rf_v1
CID-2895249,CC1=CC(=NC=C1)NC(C2=CN=CC=C2)C3=C(C4=C(C=CC=N4)C=C3)O,0.1,Inactive,inactive,rf_v1
CID-833323,C1CCC(=CC1)CCNC(=O)COC2=CC=CC=C2Cl,0.12,Inactive,inactive,rf_v1
CID-5046783,CC1(C2CCC1(C(=O)C2)CS(=O)(=O)NCC=C)C,0.03,Inactive,inactive,rf_v1
CID-694059,C1=CC=C(C=C1)NC(=S)NNC(=O)C2=CN=CC=C2,0.06,Inactive,inactive,rf_v1
CID-3544523,CCCC1=CC(=O)OC2=C1C(=CC(=C2)C)OC(C)C(=O)NCC3CCC(CC3)C(=O)O,0.2,Inactive,inactive,rf_v1
CID-2456056,C1CCC(C1)NC(=O)COC(=O)C2=C(C=CC=C2Cl)F,0.0,Inactive,inactive,rf_v1
CID-6895863,CC(C)C1=CC=C(C=C1)C=C(C)C=NNC(=O)C2=CC=NC=C2,0.08,Inactive,inactive,rf_v1
CID-135497952,COC1=CC=CC(=C1)C(=CC2=NC3=C(C=C(C=C3)C(=O)NCCC4=CC=C(C=C4)Cl)NC2=O)O,0.09,Inactive,inactive,rf_v1
CID-6909766,C1=CC=C(C=C1)OC2=CC=CC(=C2)C=NNC(=O)C3=CC=C(C=C3)N,0.1,Inactive,inactive,rf_v1
CID-1923948,CCCNC(=O)CN1C(=CC(=N1)C(F)(F)F)C,0.09,Inactive,inactive,rf_v1
CID-24793635,CC1=NN2C(=N1)C3=CC=CC=C3N=C2NNC(=O)CCC(=O)NCCN4CCN(CC4)C5=CC=CC=C5F,0.06,Inactive,inactive,rf_v1
CID-789298,CC(C)OC1=CC=C(C=C1)C2=CC(=O)NC(=O)N2,0.12,Inactive,inactive,rf_v1
CID-20876553,CC1CCCC(N1CCCNC(=O)CN2C(=O)COC3=C2C=C(C=C3)S(=O)(=O)N4CCOCC4)C,0.07,Inactive,inactive,rf_v1
CID-798822,CC1=CC(=NC=C1)NC(=O)C2=C(ON=C2C3=CC=CC=C3Cl)C,0.17,Inactive,inactive,rf_v1
CID-2229751,CC(=O)NC1=CC=CC=C1C(=O)C(=O)NC2=CC(=C(C=C2)F)Cl,0.28,Inactive,inactive,rf_v1
CID-728809,COC1=CC(=C(C=C1)OC)C2=C(C(=O)C3=CC=CC=C3O2)O,0.06,Inactive,inactive,rf_v1
CID-1050624,CS(=O)(=O)C1=CC2=C(C=C1)N=C(S2)NC(=O)C3=CC=CC=C3Cl,0.14,Inactive,inactive,rf_v1
CID-19649515,COC1=CC=C(C=C1)CNC(=S)NC2CCCCC2,0.01,Inactive,inactive,rf_v1
CID-2980469,COC1=C(C=CC(=C1)CNCC2=CC=CC=N2)OCC3=C(C=CC=C3Cl)Cl.Cl,0.08,Inactive,inactive,rf_v1
CID-5601092,C1=CC=C(C=C1)C=CC(=O)NCC(=O)NN=CC2=CN=CC=C2,0.05,Inactive,inactive,rf_v1
CID-900108,C1CC2=NC3=C(N2C1)C(=O)N(C=N3)CC(=O)NCC4=CC=CC=C4,0.02,Inactive,inactive,rf_v1
CID-16010065,CCOC1=CC=C(C=C1)NC(=O)CCNS(=O)(=O)C2=CC3=C(C=C2)N(C(=O)O3)C,0.17,Inactive,inactive,rf_v1
CID-645571,CC1=CC=C(C=C1)N=C(C2=CC=CS2)N3CCOCC3,0.03,Inactive,inactive,rf_v1
CID-24819872,CC1=CC(=NO1)NC(=O)C(C)SCC(=O)NC2=CC=C(C=C2)SC(F)F,0.08,Inactive,inactive,rf_v1
CID-6602590,CC(C)CC(C1=NN=NN1CCOC)N2CCN(CC2)CC=C.Cl,0.07,Inactive,inactive,rf_v1
CID-6369097,COCCCNC(=O)CC(=O)NN=CC1=CC=C(C=C1)SC,0.01,Inactive,inactive,rf_v1
CID-2359065,C1CC1C(=O)NC2=NC(=CS2)C3=CC=CC=N3,0.03,Inactive,inactive,rf_v1
CID-24791002,COC1=CC=C(C=C1)CNC(=O)CC2C(=O)NCCN2C3CC4=CC=CC=C4C3,0.09,Inactive,inactive,rf_v1
CID-3180243,CCOCCCN(C(C1=CC=C(C=C1)OC)C(=O)NC2CCCC2)C(=O)C3=C(C(=NS3)C(=O)N)N,0.05,Inactive,inactive,rf_v1
CID-944369,CC1=CC(=C(C=C1)C)N2C(=NN=N2)SC3=NC(=NN3C)[N+](=O)[O-],0.05,Inactive,inactive,rf_v1
CID-1580976,CC1=C(C(=O)N(N1C)C2=CC=CC=C2)N3C(=C(SC3=S)C4=C5C=CC=CC5=NC4=O)O,0.07,Inactive,inactive,rf_v1
CID-16021547,C1CCC2=NC3=C(N2CC1)N=CN=C3N4CCC(CC4)C(=O)NCCC5=CC=C(C=C5)S(=O)(=O)N,0.04,Inactive,inactive,rf_v1
CID-2869984,COC1=C(C=C(C=C1)C2CC(=O)C3=C(N2)C=CC4=CC=CC=C43)OC,0.02,Inactive,inactive,rf_v1
CID-4884840,CN(C)C(CNC(=O)C1CCN(CC1)S(=O)(=O)C2=CC=C(C=C2)F)C3=CC=C(C=C3)OC,0.03,Inactive,inactive,rf_v1
CID-1937032,C1CCC(CC1)N(CCC#N)S(=O)(=O)C2=CC=CC3=NSN=C32,0.13,Inactive,inactive,rf_v1
CID-972551,CC1=C(C=CC(=C1)OC(=O)C2=CC=CC=C2Cl)N3C(=O)CCC3=O,0.06,Inactive,inactive,rf_v1
CID-2172517,CC1=CC=C(C=C1)S(=O)(=O)NC(=O)NC2=CC(=CC(=C2)OC)OC,0.2,Inactive,inactive,rf_v1
CID-3626685,CC1=CC2=CC=CC=C2N1CCNC(=O)CC3=CC=CC=C3,0.05,Inactive,inactive,rf_v1
CID-870241,C1=CC=NC(=C1)CNS(=O)(=O)C2=C3C=CC=C4C3=C(C=C2)NC4=O,0.12,Inactive,inactive,rf_v1
CID-1180754,C1CC2=C(C1)SC3=C2C(=NC=N3)SCC(=O)NC4=CC=CC=C4C(=O)O,0.05,Inactive,inactive,rf_v1
CID-647802,CC1=NN=C2N1N=CC=C(S2)C3=CC=CC=C3,0.12,Inactive,inactive,rf_v1
CID-135401655,CC1=CN=C(C=C1)N=CC2=C(CC(CC2=O)(C)C)O,0.04,Inactive,inactive,rf_v1
CID-4177925,CC1=CC=C(C=C1)C(C(=O)NC2CCCC2)N3CCC4=CC=CC=C43,0.17,Inactive,inactive,rf_v1
CID-6465361,CC(C)NC(=O)NC1=C(C=CC(=C1)Cl)OC,0.02,Inactive,inactive,rf_v1
CID-3220266,CC(C)C(C(=O)NCC1=CC=C(C=C1)OC)OC(=O)C2=CC=CS2,0.05,Inactive,inactive,rf_v1
CID-3238768,CC1=CC=C(C=C1)S(=O)(=O)CC2=CC=C(O2)C(=O)NCCCN3CCN(CC3)C,0.1,Inactive,inactive,rf_v1
CID-12004737,C1CC(=CNC2=CC(=CC=C2)[N+](=O)[O-])C(=O)C3=CC=CC=C31,0.2,Inactive,inactive,rf_v1
CID-844747,CN1C(=C(C=N1)Cl)C(=O)NC2=C(C=CC(=C2)C(F)(F)F)F,0.12,Inactive,inactive,rf_v1
CID-20860783,CC1=C(N=C(O1)C2=CC(=CC=C2)OC)CS(=O)(=O)CC(=O)N3CCCCC3,0.03,Inactive,inactive,rf_v1
CID-1505471,C1=CC(=CC(=C1)F)C(=O)NC2=CN(N=C2)CCCC(=O)O,0.0,Inactive,inactive,rf_v1
CID-6411229,CC(=O)C1=CC=C(C=C1)NC2=NN=C(C=C2)C3=CC=CC=C3F,0.07,Inactive,inactive,rf_v1
CID-2117148,CCN(C1=C(N(C(=O)NC1=O)CC2=CC=CC=C2)N)C(=O)CN3CCN(CC3)C4=CC=CC=C4F,0.03,Inactive,inactive,rf_v1
CID-2968419,CC1=CC=CC=C1NC(=O)CC2=NN=C(N2C)SCC(=O)C3=CC=C(C=C3)Br,0.11,Inactive,inactive,rf_v1
CID-5929841,CC(C)CNC(=O)C=CC(=O)O,0.01,Inactive,inactive,rf_v1
CID-2832763,C[N+]1(CCCCC1)C2CCC3CCCC2C3O.[I-],0.01,Inactive,inactive,rf_v1
CID-2925984,C1CCN(CC1)C2=C(C=C(C=C2)[N+](=O)[O-])C(=O)C3=CC=C(C=C3)Br,0.25,Inactive,inactive,rf_v1
CID-23723889,CCOC(=O)C1=C(C=C(N=C1C)C)N2CCN(CC2)C3=CC=CC=C3.C(=O)(C(=O)[O-])[O-],0.08,Inactive,inactive,rf_v1
CID-3236102,CC1CCCCN1C(=O)CSC2=NC3=CC4=C(C=C3C(=O)N2CC5=CC6=C(C=C5)OCO6)OCO4,0.09,Inactive,inactive,rf_v1
CID-2954228,CC1=CC(=CC(=C1)NC(=O)CC2C(=O)NCCN2)C,0.04,Inactive,inactive,rf_v1
CID-4365355,C1C2=C(C=CS2)C(=O)CSC3N1C(=O)C4=CC=CC=C34,0.06,Inactive,inactive,rf_v1
CID-3207016,C1CC(OC1)CN(CC(=O)NCC2=CC=CO2)C(=O)CNS(=O)(=O)C3=CC=C(C=C3)F,0.03,Inactive,inactive,rf_v1
CID-2117624,CC1=CC(=C(C=C1)O)C(=O)C2=CC3=C(NC(=O)N(C3)CCC(C)C)N=C2,0.09,Inactive,inactive,rf_v1
CID-1488623,CC1=CC=C(C=C1)N2C(=C(SC2=S)C#N)SC,0.02,Inactive,inactive,rf_v1
CID-1344193,C1=CC(=CC=C1C=C2C(=O)N(C(=S)S2)CCC(=O)NC3=CC=C(C=C3)C(=O)O)Cl,0.35,Inactive,inactive,rf_v1
CID-6868987,CCN1C2=C(C=C(C=C2)C=NNC(=O)C3=CC=CC=C3C)C4=CC=CC=C41,0.07,Inactive,inactive,rf_v1
CID-4280225,CN(C)S(=O)(=O)C1=C(C=CC(=C1)NC(=O)CN2CCN(CC2)C3=CC=C(C=C3)O)Cl,0.09,Inactive,inactive,rf_v1
CID-2449597,C1=CC(=CC=C1CNC(=S)NC2=CC=C(C=C2)OC(F)F)F,0.07,Inactive,inactive,rf_v1
CID-73268,C1=C(C(=O)NC(=O)N1)O,0.04,Inactive,inactive,rf_v1
CID-694916,CC1=C2C(=CC=C1)C(=O)OC(=N2)C3=CC=CC=C3Cl,0.1,Inactive,inactive,rf_v1
CID-3216806,CC1=CC2=C(C=C1)C=C(C3=NN=NN23)CN(CC4CCCO4)S(=O)(=O)C5=CC=CC=C5,0.23,Inactive,inactive,rf_v1
CID-865458,COC1=CC2=CC(=C(N=C2C=C1)SC)C#N,0.03,Inactive,inactive,rf_v1
CID-24793530,CC(C)(C)OC(=O)N1CCCC1C(=O)NC(CO)C(C2CC2C(=O)N(C)C)O,0.13,Inactive,inactive,rf_v1
CID-2869210,CC(C)NC(=O)C(=O)NNC(=O)C12CC3CC(C1)CC(C3)C2,0.03,Inactive,inactive,rf_v1
CID-666289,CCN1CCC2=C(C1)SC3=C2C(=NC4=NN=NN34)NCC5=CC=CO5,0.04,Inactive,inactive,rf_v1
CID-1339461,CCOC(=O)N1CCN(CC1)C(=O)CSCC2=CC=C(C=C2)Cl,0.08,Inactive,inactive,rf_v1
CID-1208225,CC1(CC2=C(CN1C)SC(=C2C#N)NC(=S)NC(=O)C3=CC=CC=C3)C,0.46,Inactive,inactive,rf_v1
CID-2938841,C1=CC=C2C(=C1)C3=CC=CC=C3N2CC(CN(CCO)S(=O)(=O)C4=CC=C(C=C4)F)O,0.15,Inactive,inactive,rf_v1
CID-660402,CN1C2=C(C=CC(=C2)N(C)C)C(=CC1=O)OC,0.04,Inactive,inactive,rf_v1
CID-3350147,CC1=CC=C(C=C1)N2C3=C(C(=O)CC(C3)(C)C)C(C2=O)(C(F)(F)F)NC(=O)C4=CC=CC=C4,0.35,Inactive,inactive,rf_v1
CID-16800706,COC1=CC=CC=C1C2CC(=NN2S(=O)(=O)C3=CC=CC=C3)C4=CC=C(C=C4)NS(=O)(=O)C,0.17,Inactive,inactive,rf_v1
CID-2481024,CC1=C(C2=CC=CC=C2N1)C3=CSC(=N3)NC(=O)CSCC(=O)O,0.1,Inactive,inactive,rf_v1
CID-2874626,CC(C1=CC=CC=C1)NC(=O)CC2=CC=CC=C2[N+](=O)[O-],0.14,Inactive,inactive,rf_v1
CID-2840254,CC1=CC=C(C=C1)N2C(SCC2=O)C3=CC=C(C=C3)OC,0.14,Inactive,inactive,rf_v1
CID-2939350,CC1=C(C(NC(=S)N1)C2=CC=CC=C2Cl)C(=O)NC3=CC=CC=N3,0.04,Inactive,inactive,rf_v1
CID-2608606,CC1=C(C(=CC=C1)C)NC(=O)CN2CCNCC2,0.06,Inactive,inactive,rf_v1
CID-3766962,COC1=C(C=C2C(=C1)CCN=C2CCC3=CC=CC=C3)OC,0.01,Inactive,inactive,rf_v1
CID-5736398,CC(CN1CCOCC1)OC(=O)C=CC2=CC=C(C=C2)OC.Cl,0.05,Inactive,inactive,rf_v1
CID-645214,CC1=CC(=NO1)NC(=O)CCCC(=O)NC2=CC=C(C=C2)F,0.03,Inactive,inactive,rf_v1
CID-24817364,C1CC(CN(C1)C(=O)CCN2C=CC=N2)N3CCN(CC3)C4=CC=CC(=C4)C(F)(F)F,0.07,Inactive,inactive,rf_v1
CID-656017,CC(C)C(=O)NC1=CC2=C(C=C1C(=O)C3=CC=CC=C3)OCCO2,0.13,Inactive,inactive,rf_v1
CID-16192580,CC1=CC=C(C=C1)NC2=NC=NC3=CC=CC=C32.Cl,0.11,Inactive,inactive,rf_v1
CID-658849,C=CCN1C(=C(C2=NC3=CC=CC=C3N=C21)C#N)NC(=O)C4=CC=CC=C4Cl,0.2,Inactive,inactive,rf_v1
CID-24684587,COC(=O)C1=CC=C(C=C1)CNC(=O)C2=C(C=CS2)C3=CC=CC=C3,0.17,Inactive,inactive,rf_v1
CID-10966552,CC1=CN=C(C=C1)N2C(=O)C3=CC=CC=C3C2=O,0.06,Inactive,inactive,rf_v1
CID-16187128,CN1CCN(CC1)C(=O)C2=CC(CC(O2)OCC3=CC=C(C=C3)CO)C4=CC=CC=C4,0.02,Inactive,inactive,rf_v1
CID-9555054,CC1=CC=C(S1)C=NN2C(=NN=C2C)C,0.03,Inactive,inactive,rf_v1
CID-9550265,CCC1=CC=C(C=C1)NC(=O)CCC2=NC3=C(N2CC4=CC=C(C=C4)OC)N=CC=C3,0.03,Inactive,inactive,rf_v1
CID-2548319,C1CCC(CC1)C(=O)OCC(=O)NC2=CC=C(C=C2)S(=O)(=O)N,0.04,Inactive,inactive,rf_v1
CID-2145347,COC1=CC=CC2=C1C=CN(C2=O)CC(=O)N3CCC4=CC=CC=C43,0.08,Inactive,inactive,rf_v1
CID-12005163,CCC[N+](CCC)(CC#CC1=CC=CC=C1)CC(=O)OCC,0.06,Inactive,inactive,rf_v1
CID-144053,CC1(N(C2=CC=CC3=C2C(=CC=C3)N1C)C)C,0.08,Inactive,inactive,rf_v1
CID-4177562,C1CN(CCN1C2=CC(=CC=C2)Cl)C(=O)CCCN3C(=O)C4=CC=CC=C4NC3=S,0.09,Inactive,inactive,rf_v1
CID-16189178,COC1=CC2=C(C=C1)C=C(C=C2)C(=O)C3CCCN(C3)C(=O)C=CC4=CC=CC=N4,0.01,Inactive,inactive,rf_v1
CID-2599526,CC1=C(C(=CC=C1)NC(=O)C2=CC=C(C=C2)S(=O)(=O)C(F)F)C,0.15,Inactive,inactive,rf_v1
CID-731945,CCOC(=O)COC1=CC=C(C=C1)C(=O)NC2CCCCC2,0.01,Inactive,inactive,rf_v1
CID-1354922,COC1=CC(=C(C=C1)C(=O)N2CCN(CC2)C3=CC(=CC=C3)Cl)OC,0.13,Inactive,inactive,rf_v1
CID-17253498,CC1=CC=C(C=C1)C2=NS(=O)(=O)N(C(=C2)C(=O)NC3=C(C=C(C=C3)F)F)C,0.12,Inactive,inactive,rf_v1
CID-3159097,CCCC(=O)NC1=CC2=C(C=C1)N3CCN(CC3=N2)C4CCCCC4,0.03,Inactive,inactive,rf_v1
CID-2350010,C1CCC(CC1)NC(=S)NNC(=O)C2=CC(=CC=C2)S(=O)(=O)NC3=CC=CC=C3Cl,0.12,Inactive,inactive,rf_v1
CID-1549114,C1=C(C=NC=C1O)C(=O)NCCCC(=O)O,0.03,Inactive,inactive,rf_v1
CID-971407,COC1=C(C=C(C=C1)NC(=S)NCCC2=CCCCC2)OC,0.05,Inactive,inactive,rf_v1
CID-6497670,CN1C(=NN=C1SCC(=O)NC2=NN=CS2)CNC(=O)C3=CC=CC=C3F,0.04,Inactive,inactive,rf_v1
CID-16195770,CC1=C(NC(=C1C(=O)OC)C)C(=O)C(C)[N+]23CCN(CC2)CC3.[Cl-],0.06,Inactive,inactive,rf_v1
CID-7958302,COC1=CC=C(C=C1)CCNC(=O)CC2=CSC=C2,0.03,Inactive,inactive,rf_v1
CID-873872,COC1=CC=CC(=C1)C(=O)NC2=C(SC=C2)C(=O)OC,0.06,Inactive,inactive,rf_v1
CID-151393,C1=CC(=CN=C1)CNC2=CC=C(C=C2)C(=O)O,0.07,Inactive,inactive,rf_v1
CID-2093798,C1=COC(=C1)CNC(=O)CSC2=NN=C(O2)C3=CC=CS3,0.02,Inactive,inactive,rf_v1
CID-1489927,CC(C)NC(=O)C1=NN2CCN(C(=O)C2=C1)CC3=CC=C(C=C3)OC,0.02,Inactive,inactive,rf_v1
CID-9643890,C1COCCN1CC2=C(N=NN2C3=NON=C3N)C(=O)NN=CC4=C(C=C(C=C4)Cl)Cl,0.07,Inactive,inactive,rf_v1
CID-2287500,COC1=C(C=C(C(=C1)C(=O)NC2=CC=C(C=C2)S(=O)(=O)NC3=NC=CC=N3)[N+](=O)[O-])OC,0.16,Inactive,inactive,rf_v1
CID-16022628,CCOC1=CC=C(C=C1)CNC(=O)CN2C(=O)C3=NN(C(=C3C(=N2)C)C)C4=CC=C(C=C4)C,0.04,Inactive,inactive,rf_v1
CID-1835060,CCOC1=CC2=C(C=C1)NC3=C2N=CN=C3NCCOC,0.03,Inactive,inactive,rf_v1
CID-3242390,CCOC(=O)N1CCN(CC1)C(=O)CC(=O)NC2=CC3=C(C=C2)N=C4CCCCCN4C3=O,0.04,Inactive,inactive,rf_v1
CID-6243374,CNC1=C(C=CC(=C1)[N+](=O)[O-])NC=CC(=O)C2=CC3=C(C=C2)OCO3,0.12,Inactive,inactive,rf_v1
CID-3240503,COC1=CC=CC=C1C(=O)NCCN2C=CC3=CC=CC=C32,0.01,Inactive,inactive,rf_v1
CID-7406876,C1CC(C1)C(=O)N2CCN(CC2)C3=C(C=C(C=C3)C(F)(F)F)[N+](=O)[O-],0.05,Inactive,inactive,rf_v1
CID-6153030,CN(CCC#N)C1=CC=C(C=C1)C=C(C#N)C2=CC=CC=N2,0.07,Inactive,inactive,rf_v1
CID-5301692,CC1=C(C(=C(C=C1)S(=O)(=O)NC2=CC=C(C=C2)OCC(=O)N3CCOCC3)C)NS(=O)(=O)C,0.08,Inactive,inactive,rf_v1
CID-20939845,CC1=CC(=CC=C1)CNS(=O)(=O)C2=CC=C(S2)C3=NNC(=O)C=C3,0.07,Inactive,inactive,rf_v1
CID-4412551,C1=CC=NC(=C1)SCC(=O)NC2=NC(=CC=C2)NC(=O)CSC3=CC=CC=N3,0.02,Inactive,inactive,rf_v1
CID-1731950,CCOCC(=O)NC1=CC(=CC=C1)SC,0.09,Inactive,inactive,rf_v1
CID-22333118,CC1=CSC(=N1)NC2=NC(=C(O2)C(=O)NC3=C(C=CC(=C3)Cl)F)N,0.15,Inactive,inactive,rf_v1
CID-772004,CC1=CC(=NC(=N1)SCC(=O)C2=CC(=C(C=C2)OC)[N+](=O)[O-])C,0.05,Inactive,inactive,rf_v1
CID-2294592,C1=CC=C(C=C1)C(=O)CNC(=S)NC(=O)C2=CC=C(C=C2)Cl,0.08,Inactive,inactive,rf_v1
CID-2947828,CC(C1=CC=CC=C1)NS(=O)(=O)C2=CC=C(C=C2)OCC(=O)N3CCOCC3,0.04,Inactive,inactive,rf_v1
CID-24789758,CCOC1=C(C=CC(=C1)C=C2C(=N)N3C(=NC2=O)SN=C3S(=O)(=O)C(C)C)OC(=O)C4=CC=CO4,0.15,Inactive,inactive,rf_v1
CID-3881582,COC1=CC(=C(C=C1)OC)N(CC(=O)NCCC2=CC(=C(C=C2)OC)OC)S(=O)(=O)C3=CC=CC=C3,0.28,Inactive,inactive,rf_v1
CID-6494491,CCOC1=CC=C(C=C1)N2CC(CC2=O)C(=O)N3CCCC3,0.0,Inactive,inactive,rf_v1
CID-860063,COC1=CC=CC=C1NC(=O)CSC2=NC=CC(=O)N2,0.0,Inactive,inactive,rf_v1
CID-3240816,CC1CC(CN(C1)S(=O)(=O)C2=CC3=C(C=C2)N(C=C(C3=O)C(=O)OC)C)C,0.1,Inactive,inactive,rf_v1
CID-5929380,CCOC(=O)C(=CNC1=CC=CC=C1C(F)(F)F)SC2=C(C=C(C=N2)C(F)(F)F)Cl,0.13,Inactive,inactive,rf_v1
CID-2235525,CCOC1=CC(=C(C=C1C)C)S(=O)(=O)NCCCN2CCOCC2,0.03,Inactive,inactive,rf_v1
CID-4292724,CC(=NCCCO)C1=C(N(C(=O)NC1=O)CC2=CC=CC=C2)O,0.05,Inactive,inactive,rf_v1
CID-1040793,CC1=CC=C(C=C1)NC(=O)C2=CC=C(C=C2)OC(=S)N3CCOCC3,0.04,Inactive,inactive,rf_v1
CID-5308505,CN1C2=C(C=C(C=C2)S(=O)(=O)N3CCCC(C3)C(=O)N4CCC(=CC4)C5=CC=CC=C5)OC1=O,0.01,Inactive,inactive,rf_v1
CID-4877620,C1=CC=C(C=C1)CN2C3=C(C(=O)NC2=O)N(C(=N3)C4=CC=CS4)CCO,0.06,Inactive,inactive,rf_v1
CID-4615,C1CN(CCN1CCCN2C3=CC=CC=C3NC2=O)C(C4=CC=CC=C4)C5=CC=CC=C5,0.04,Inactive,inactive,rf_v1
CID-18561752,CN1C2=C(C(=NC(=N2)C3=CC=CC=C3F)SCC(=O)N4CCOCC4)C(=O)N(C1=O)C,0.04,Inactive,inactive,rf_v1
CID-1851955,CC1=C(C2=C(N1C)C=CC(=C2)OC(=O)C3=C(C=CC=C3OC)OC)C(=O)OCCOC,0.37,Inactive,inactive,rf_v1
CID-657558,CC(=O)C1(C(C(C(=C(O1)N)C#N)C2=CC=CC=C2)(C#N)C#N)C,0.05,Inactive,inactive,rf_v1
CID-24654240,CC1CN(CC(O1)C)C(=O)C2=CC(=CC=C2)S(=O)(=O)N3CCN(CC3)C4=CC=C(C=C4)F,0.05,Inactive,inactive,rf_v1
CID-6602956,CCN1C2=C(C=C(C=C2)C(=O)O)N=C1CSC3=NN=C(N3C4=CC=CC=C4C)C5=CN=CC=C5.Cl,0.28,Inactive,inactive,rf_v1
CID-2346501,C1=CC(=CC=C1CNC(=O)COC(=O)C2=NC=CN=C2)Cl,0.01,Inactive,inactive,rf_v1
CID-15945126,CC1=CC=CC=C1NC2=NN=C(S2)SCC(=O)NC3CCCC4=CC=CC=C34,0.07,Inactive,inactive,rf_v1
CID-4528972,CC(C(=O)NC1=CC(=CC=C1)S(=O)(=O)N2CCOCC2)SC3=CC=CC=[N+]3[O-],0.13,Inactive,inactive,rf_v1
CID-661703,CC1=CC2=C(C(C(=C(O2)N)C#N)C3=CC=CS3)C(=O)N1CC4=CC=CC=N4,0.07,Inactive,inactive,rf_v1
CID-1427781,CC(C)N(CC1=CC2=C(C=CC(=C2)OC)NC1=O)C(=O)C3=CC=CO3,0.33,Inactive,inactive,rf_v1
CID-794096,CCSC1=NC2=CC=CC=C2N1CC(=O)OC,0.04,Inactive,inactive,rf_v1
CID-832343,CC1=C(OC2=CC=CC=C12)C(=O)NCCN3CCOCC3,0.05,Inactive,inactive,rf_v1
CID-1818735,CC1=C(N=NN1C2=CC=CC=C2)C3=NNC(=S)N3C4=CC=C(C=C4)C(F)(F)F,0.09,Inactive,inactive,rf_v1
CID-4883603,CC(C)C(C(=O)NCCC1=CC=CC=N1)NC(=O)C2=CC=CC=C2F,0.02,Inactive,inactive,rf_v1
CID-818580,CN(C)N(C)C(=O)C(C1=CC=CC=C1)(C2=CC=CC=C2)O,0.05,Inactive,inactive,rf_v1
CID-653663,CCOC(=O)C1CCN(CC1)S(=O)(=O)C2=C(C=CC(=C2)Cl)OC,0.02,Inactive,inactive,rf_v1
CID-1266769,COC(=O)C1=CC=CC(=C1)CN2C(=O)C3=CC=CC=C3N=N2,0.12,Inactive,inactive,rf_v1
CID-2113124,C1COCCN1C(=O)CSC2=NN=C(N2N)C3=C(C=C(C=C3)Cl)Cl,0.08,Inactive,inactive,rf_v1
CID-700493,COC1=CC(=C(C=C1C(=O)OC)Cl)N,0.09,Inactive,inactive,rf_v1
CID-2764237,COC(=O)C1=CC=C(C=C1)CON2C(=O)C3=CC=CC=C3C2=O,0.26,Inactive,inactive,rf_v1
CID-1306422,CC(C)(C(=O)NCC1=CC=C(C=C1)S(=O)(=O)N)OC2=CC=C(C=C2)Cl,0.02,Inactive,inactive,rf_v1
CID-135403595,CCN1C2=C(C(=O)NC(=N2)C)SC1=S,0.02,Inactive,inactive,rf_v1
CID-24818151,CC(C)(C)C#CCN1C2=CC=CC=C2N=C1C=[N+](C3CCCCC3)[O-],0.14,Inactive,inactive,rf_v1
CID-135403365,C1=CC=C(C=C1)N2N=C3C(=O)NC=NC3=N2,0.14,Inactive,inactive,rf_v1
CID-2062299,CC1=NC(=NN1)SCC(=O)C2=CC(=C(C=C2)OC)[N+](=O)[O-],0.03,Inactive,inactive,rf_v1
CID-135512321,CC1=CC(=NN1C2=NN=C(N2N=CC3=CC=CC=C3O)C)C,0.14,Inactive,inactive,rf_v1
CID-16682363,C1CC2=[N+](C=C(N2C1)C3=CC=CC=C3)CC4=CC=C(C=C4)Cl.[Cl-],0.13,Inactive,inactive,rf_v1
CID-856149,COC(=O)CSC1=NN=C(O1)C2=CN=CC=C2,0.04,Inactive,inactive,rf_v1
CID-4024647,C1COC2=CC=CC=C2C13C(=O)N(C(=O)N3)CC(=O)NC4=C(C(=C(C=C4)F)F)F,0.08,Inactive,inactive,rf_v1
CID-6884927,C1=CC=C(C=C1)C=CC=NN2C(=NNC2=S)C3=CC=NC=C3,0.07,Inactive,inactive,rf_v1
CID-146251,CC1=CC(=O)OC2=CC3=C(C=C12)C(=CO3)C,0.21,Inactive,inactive,rf_v1
CID-3795436,CC1C(NC(C(C1=O)C)C2=CC=CC=C2C)C3=CC=CC=C3C,0.05,Inactive,inactive,rf_v1
CID-3244323,CC(=O)N1CCC2=C1C=CC(=C2)S(=O)(=O)NCCC(=O)N3CCN(CC3)C4=CC=CC=N4,0.05,Inactive,inactive,rf_v1
CID-9566638,C1=CC=C(C=C1)C(C(=O)NN=CC2=CC=CO2)O,0.04,Inactive,inactive,rf_v1
CID-2304388,C1CCCN(CC1)C(=S)C2=CC=CC=C2O,0.07,Inactive,inactive,rf_v1
CID-16190998,C1CCN(C(C1)C2=CC=C(C=C2)F)CC3=NC(=NO3)CC4CC4,0.08,Inactive,inactive,rf_v1
CID-2948568,CCN1CCN(CC1)C2=C(C=C(C(=C2)N3CCCC3)[N+](=O)[O-])F,0.1,Inactive,inactive,rf_v1
CID-800324,CCN1CCN(CC1)C(=S)NC2=C(C=C(C=C2)Cl)Cl,0.04,Inactive,inactive,rf_v1
CID-20880589,CC1CCCCC1NC(=O)C2CCC(CC2)CNS(=O)(=O)C3=CC=CC4=C3N=CC=C4,0.07,Inactive,inactive,rf_v1
CID-2997549,CC1=C(C=C(C=C1)S(=O)(=O)C2=C(N(C3=NC4=CC=CC=C4N=C23)CCN5CCOCC5)N)C,0.18,Inactive,inactive,rf_v1
CID-16682337,CC1=CC=CC=C1NC(=O)C[N+]2=C3CCCN3C(=C2)C4=CC=CC=C4.[Cl-],0.07,Inactive,inactive,rf_v1
CID-4778258,C=CCN(CC=C)S(=O)(=O)C1=CC=C(C=C1)NC(=S)NC(=O)C2CC2,0.0,Inactive,inactive,rf_v1
CID-24789277,CC(C(=O)OC(C)(C)C)NC(=O)C1=C(N=CN1)C(=O)NC(C)C(=O)OCC2=CC=CC=C2,0.16,Inactive,inactive,rf_v1
CID-3238326,COC1=CC=CC=C1NC(=O)CSC2=NN=C(O2)CNC(=O)C3=CC=CO3,0.03,Inactive,inactive,rf_v1
CID-8489152,CC1=C(C=C(C=C1)N2C3=NC=NC(=C3C=N2)NNC(=O)C4=CC=CO4)C,0.2,Inactive,inactive,rf_v1
CID-3236820,C1CN(CCC1C(=O)NCCN2CCC3=CC=CC=C3C2)S(=O)(=O)N4CCC5(CC4)OCCO5,0.11,Inactive,inactive,rf_v1
CID-3183649,CCC(C)(C)N1C(=NN=N1)C(C2=CC3=CC4=C(C=C3NC2=O)OCO4)N5CCCCC5,0.02,Inactive,inactive,rf_v1
CID-660411,CCOC(=O)C1CCCN(C1)C2=NC3=CC=CC=C3N=C2C(C#N)C(=O)OC(C)COC,0.02,Inactive,inactive,rf_v1
CID-9654062,CC(C(=O)NN=CC1=CC=CC=C1OCC2=CC=C(C=C2)Br)NC3=CC=C(C=C3)OC,0.33,Inactive,inactive,rf_v1
CID-2566124,CC1=CC(=C(N1C)C)C2=CSC(=N2)N,0.01,Inactive,inactive,rf_v1
CID-651343,CCN1C(=NN=C1SCC(=O)NC2=NOC(=C2)C)CC3=CC=CC=C3,0.04,Inactive,inactive,rf_v1
CID-24789273,CC(C)CC(C(=O)OCC1=CC=CC=C1)NC(=O)C2=C(NC=N2)C(=O)NC(CCCCNC(=O)OC(C)(C)C)C(=O)OC(C)(C)C,0.28,Inactive,inactive,rf_v1
CID-1476560,CN1C(=C(C(=N1)C2=CC=CC=C2)CO)OC3=CC=C(C=C3)F,0.02,Inactive,inactive,rf_v1
CID-16187965,CC1=C(SC=C1)S(=O)(=O)N2CCC(CC2)(CC3CCCCO3)CO,0.03,Inactive,inactive,rf_v1
CID-2211034,CCOC(=O)C1=CC=C(C=C1)NC(=O)N2CCN(CC2)S(=O)(=O)C,0.03,Inactive,inactive,rf_v1
CID-1303909,CCOC(=O)C1=CC=C(C=C1)NC(=O)C2=CC=CC=C2N(C)S(=O)(=O)C3=CC=CC=C3,0.14,Inactive,inactive,rf_v1
CID-3521948,CN(C1=C(C=C(C=N1)C(F)(F)F)Cl)N(CC=C)S(=O)(=O)C2=C(C=CC(=C2)Cl)Cl,0.12,Inactive,inactive,rf_v1
CID-1266912,CC1=CC=C(C=C1)C(=O)CN(C(=O)C2=CC=C(C=C2)Cl)N3C(=O)CCC3=O,0.12,Inactive,inactive,rf_v1
CID-2118394,CC1=C(C(=O)N(N1C)C2=CC=CC=C2)NC(=O)COC(=O)COC3=CC=C(C=C3)NC4=CC=CC=C4,0.08,Inactive,inactive,rf_v1
CID-135473935,CCC1=CC=C(C=C1)N2C(=C(C(=O)NC2=O)C=NNC(=O)C3=CC=NC=C3)O,0.06,Inactive,inactive,rf_v1
CID-16187361,CC(=CCN1CCN(CC1CCO)CC2=CC=C(C=C2)C#CC(C)(C)O)C,0.0,Inactive,inactive,rf_v1
CID-6949118,CC(=NNC(=O)C1=CC=CO1)C2=CC=C(C=C2)NC(=O)C(F)(F)F,0.28,Inactive,inactive,rf_v1
CID-5941964,C1=CC(=CC(=C1)F)NN=CC2=CC=C(C=C2)F,0.2,Inactive,inactive,rf_v1
CID-793394,CCCC1=CC(=O)N2C(=N1)C=C(N2)C3=CC=C(C=C3)Cl,0.05,Inactive,inactive,rf_v1
CID-2284384,C1CC2=C(C1)[N+](=O)C=C(N2[O-])C3=CC=CC4=CC=CC=C43,0.2,Inactive,inactive,rf_v1
CID-1092458,CC1=CC(=NC=C1)NC2=NC(=CS2)C3=CC(=CC=C3)NC(=O)C,0.14,Inactive,inactive,rf_v1
CID-17583462,CSCCC(C(=O)NCC1CCCO1)NC(=O)N2CCN3C2=NC4=CC=CC=C43,0.08,Inactive,inactive,rf_v1
CID-3163619,C1=CC=C(C=C1)NC(=O)CSC2=NN=C(S2)C3=CC=NC=C3,0.02,Inactive,inactive,rf_v1
CID-3815333,C1CSCCN1CC2=C(N=C3N2C=CC=C3)C4=CC=C(C=C4)Cl,0.04,Inactive,inactive,rf_v1
CID-4837634,CC1=COC2=C(C3=C(C=C12)C(=C(C(=O)O3)CCC(=O)NCC4=CC=CC=N4)C)C,0.07,Inactive,inactive,rf_v1
CID-652694,CC1CCCN(C1)CC(=O)NC2=CC=C(C=C2)S(=O)(=O)N3CCCCCC3,0.03,Inactive,inactive,rf_v1
CID-5051123,CCC(=NNC1=C(C=C(C=C1)S(=O)(=O)N)[N+](=O)[O-])CC,0.1,Inactive,inactive,rf_v1
CID-2988456,COC1=CC(=CC(=C1OC)OC)NC(=O)CC2=CC=C(C=C2)F,0.04,Inactive,inactive,rf_v1
CID-16010927,CC1=NN(C(=O)C2=CC3=C(N12)C=CC(=C3)OC)CC(=O)NC(C)CCC4=CC=CC=C4,0.04,Inactive,inactive,rf_v1
CID-5016617,CCC1=CC=CC=C1NC(=O)C2=NOC(=C2)C3=CC=C(C=C3)OC,0.06,Inactive,inactive,rf_v1
CID-799748,CC1=CC=CC=C1N2CCN(CC2)C(=S)C3=CC=C(C=C3)[N+](=O)[O-],0.07,Inactive,inactive,rf_v1
CID-24792575,CCC1=CC=C(C=C1)NC(=O)CS(=O)CC(=O)NC2=CC=C(C=C2)N3CCOCC3,0.03,Inactive,inactive,rf_v1
CID-1241807,C1CN(CCN1C(=O)C2=CC3=C(C=C2)OCO3)C(=O)C4=CC=CO4,0.1,Inactive,inactive,rf_v1
CID-3196487,C1CCC(C1)NC(=O)C(C2=CN=CC=C2)N(C3=CC=C(C=C3)F)C(=O)C4=CC=CO4,0.24,Inactive,inactive,rf_v1
CID-2885743,CC1=CC=C(C=C1)N2C(=NN=N2)C(=CC3=CC=C(C=C3)N(C)C)C4=NN=NN4C5=CC=C(C=C5)C,0.39,Inactive,inactive,rf_v1
CID-766032,CC1(CC(=CC(=O)C1)NC2=CC3=C(CCC3)C=C2)C,0.02,Inactive,inactive,rf_v1
CID-2402639,C1=CC(=CC=C1NC=O)OC(=O)C2=CC(=CN=C2)Br,0.11,Inactive,inactive,rf_v1
CID-3762356,CC1=CC=C(C=C1)S(=O)(=O)NC2=CC(=CC=C2)OC3=NC=CN=C3,0.19,Inactive,inactive,rf_v1
CID-3183778,C1CCCN(CC1)C(C2=CC3=CC4=C(C=C3NC2=O)OCCO4)C5=NN=NN5CC6CCCO6,0.07,Inactive,inactive,rf_v1
CID-3590639,CC(C)CNS(=O)(=O)C1=C(C=C(C(=C1)C(=O)OCC(=O)N(C)C2CCS(=O)(=O)C2)Cl)Cl,0.08,Inactive,inactive,rf_v1
CID-3193534,CC(C)(C)N1C(=NN=N1)C(C2=CC3=C(C=C2)N=CC=C3)N4CCC(CC4)O,0.03,Inactive,inactive,rf_v1
CID-135419963,CC1=C(N(N=N1)C2=NON=C2N)C(=O)NN=CC3=CC(=C(C=C3)O)OC,0.06,Inactive,inactive,rf_v1
CID-16010887,CC1CCCCN1C2=C3C=C(C=CC3=NC=C2S(=O)(=O)C4=CC=CC=C4)C,0.08,Inactive,inactive,rf_v1
CID-62770,CC1C(C(CC(O1)OC2CC(CC3=C2C(=C4C(=C3O)C(=O)C5=C(C4=O)C(=CC=C5)OC)O)(C(=O)C)O)N)O.Cl,0.14,Inactive,inactive,rf_v1
CID-5309681,COC1=CC=CC(=C1)CNC(=O)C2=NN3C=CC=CC3=C2,0.02,Inactive,inactive,rf_v1
CID-2448707,CC1=NN=C(N1CC2=CC=CC=C2)SCC(=O)N(C)C3=C(N(C(=O)NC3=O)CC4=CC=CC=C4)N,0.02,Inactive,inactive,rf_v1
CID-2086686,CCNC(=O)NC(=O)CSC1=CC=C(C=C1)NC(=O)C,0.03,Inactive,inactive,rf_v1
CID-4876337,CCOC1=C(C=C(C=C1)C(=O)NCC(C2=CC=CS2)N(C)C)OCC,0.0,Inactive,inactive,rf_v1
CID-3207118,C1=COC(=C1)CNC(=O)CN(CC2=CC=CO2)C(=O)CNS(=O)(=O)C3=CC=C(C=C3)Cl,0.07,Inactive,inactive,rf_v1
CID-658612,C1=CC2=C(C=CN=C2C(=C1)O)CO,0.04,Inactive,inactive,rf_v1
CID-1325758,COC1=C(C=CC(=C1)C(=S)N2CCCC2)OC(=O)C3=C(C=C(C=C3)Cl)[N+](=O)[O-],0.09,Inactive,inactive,rf_v1
CID-3228978,CC1=CC(=CC=C1)NC(=O)CSC2=NN=NN2C3CCCC3,0.08,Inactive,inactive,rf_v1
CID-2915626,C1CCN(CC1)CC(COC2=CC=C(C=C2)C3CCC=C3)O,0.06,Inactive,inactive,rf_v1
CID-4879431,CN(C)C(CNC(=O)CC1=CC=C(C=C1)[N+](=O)[O-])C2=CC=CC=C2,0.12,Inactive,inactive,rf_v1
CID-20957260,C1CN(CCC12OCCO2)C(=O)CCC3=NN=C4N3N=C(C=C4)NCC5=CC=C(C=C5)F,0.08,Inactive,inactive,rf_v1
CID-135497956,CC1=NON=C1C(=O)NN=CC2=CC(=C(C=C2)O)O,0.04,Inactive,inactive,rf_v1
CID-2806021,CC1=CC(=CC(=N1)NNC(=O)NC(=O)C2=CC=C(C=C2)Cl)C(F)(F)F,0.16,Inactive,inactive,rf_v1
CID-2102393,COC1=CC=C(C=C1)N2CCN(CC2)C(=O)C3=CC(=NC4=CC=CC=C43)C5=CC=CS5,0.08,Inactive,inactive,rf_v1
CID-796955,C1=CC=C(C=C1)CP(=O)(CC2=CC=CC=C2)CO,0.12,Inactive,inactive,rf_v1
CID-1914390,C1=CSC(=C1)C2=CSC(=C2C(=O)O)NC(=O)C3=CC=CS3,0.48,Inactive,inactive,rf_v1
CID-773552,CC(C)(C)C(=O)NC1=CC=C(C=C1)SC2=CC=C(C=C2)[N+](=O)[O-],0.21,Inactive,inactive,rf_v1
CID-5739958,CC1=CC=C(O1)C(=O)C=C(C)NC2=CC3=C(C=C2)OCO3,0.09,Inactive,inactive,rf_v1
CID-16188861,CCOC(=O)CC(C1=CC(=CC=C1)[N+](=O)[O-])N.Cl,0.09,Inactive,inactive,rf_v1
CID-1073941,CC(C)CC1=C(N=C(NC1=O)SCC(=O)NC2=CC3=C(CCC3)C=C2)O,0.12,Inactive,inactive,rf_v1
CID-654364,CC1=C(C23C(=C(OC2(O1)C4=CC=CC=C4C3=O)N)C#N)C(=O)OCC(C)C,0.08,Inactive,inactive,rf_v1
CID-135431958,CCCC1=CC(=O)NC(=N1)SCC(=O)C2=CNC3=CC=CC=C32,0.04,Inactive,inactive,rf_v1
CID-676589,C1=CC(=CC(=C1)Cl)C(=O)NCC(=O)N,0.06,Inactive,inactive,rf_v1
CID-1241668,C1=CC(=C(C(=C1)Cl)CC(=O)NC2=NC=CS2)F,0.05,Inactive,inactive,rf_v1
CID-135569038,C1=CC=C2C(=C1)C(=CN2)C=NNC(=O)C3=CC=C(C=C3)Cl,0.06,Inactive,inactive,rf_v1
CID-2980954,C1CN(CCN1C2=CC=C(C=C2)NC(=O)C3=CC=C(O3)[N+](=O)[O-])C(=O)C4=CC=CC=C4,0.08,Inactive,inactive,rf_v1
CID-1448010,CCN(C1=NC(=CS1)C)C(=O)CSC2=NN=C(O2)COC3=CC=CC(=C3)C,0.1,Inactive,inactive,rf_v1
CID-2851733,C1C(C(=O)N(C1=O)C2=CC=C(C=C2)C(=O)O)SC(=NC3=CC=CC=C3)NC4=CC=CC=C4,0.12,Inactive,inactive,rf_v1
CID-17392694,CCOC1=CC2=C(C=C1)OC(=C2C)C(=O)N3CC(OC(C3)C)C,0.07,Inactive,inactive,rf_v1
CID-24791778,CC1=NN(C=C1CN2CCC(CC2)C(=O)NC3=CC=C(C=C3)OC4=CN=CC=C4)CC=C,0.08,Inactive,inactive,rf_v1
CID-3676923,CC1=CC(=C(C=C1)O)NC(=O)C2=NN3C(=C2)N=C4C(=C3C(F)(F)F)CCC5=CC=CC=C54,0.1,Inactive,inactive,rf_v1
CID-135401298,CCCCN=C1NC(=O)C(S1)CC(=O)NCCC2=CC=C(C=C2)OC,0.04,Inactive,inactive,rf_v1
CID-3207040,C1=CC=C(C=C1)CNC(=O)CN(CC2=CC=CO2)C(=O)CNS(=O)(=O)C3=CC=C(C=C3)F,0.05,Inactive,inactive,rf_v1
CID-1965675,CCSC1=NN=C(S1)NC(=O)C2=CC(=NN2)C3=CC=CC=C3O,0.08,Inactive,inactive,rf_v1
CID-1470519,CCC(=O)NC1=NN=C(S1)SCC(=O)NC2CCCC2,0.04,Inactive,inactive,rf_v1
CID-20860966,CC1CCCN(C1)CCCNC(=O)C2=CC3=C(C=C2)S(=O)C4=CC=CC=C4C(=O)N3CC5=CC=C(C=C5)F,0.01,Inactive,inactive,rf_v1
CID-5308546,C1CCC(CC1)NC(=O)C2CCN(CC2)S(=O)(=O)C3=CC=CC4=C3N=CC=C4,0.02,Inactive,inactive,rf_v1
CID-7711628,CC(C(=O)NC1=CC(=CC=C1)OC)NC(=O)N2CCN3C2=NC4=CC=CC=C43,0.02,Inactive,inactive,rf_v1
CID-654669,CCC1=C(C(=CC=C1)CC)N(COC)C(=O)CN2C3=CC=CC=C3N=C2C(C)O,0.07,Inactive,inactive,rf_v1
CID-11958554,CCCCNC(=O)C1=C(C(=NO1)CCl)C(=O)OC,0.09,Inactive,inactive,rf_v1
CID-705105,CCOC1=C(C=C2C(=C1)C(=CC(=O)O2)C)Cl,0.09,Inactive,inactive,rf_v1
CID-3220316,C1=CC=C(C(=C1)C(C(=O)NCC2=CC=CS2)OC(=O)C3=CC=CO3)F,0.08,Inactive,inactive,rf_v1
CID-3711274,CCOC(=O)C1=C(SC(=C1C)C)NC(=O)CN2CCN(CC2)C(=O)C3=CC=CO3,0.06,Inactive,inactive,rf_v1
CID-6467280,C=CCN1CCN(CC1)C(=O)CCC2=CC=CC=C2,0.05,Inactive,inactive,rf_v1
CID-774,C1=C(NC=N1)CCN,0.0,Inactive,inactive,rf_v1
CID-17578549,CC(C)C(C(=O)NC1CCCCC1)NC(=O)C2CSC3N2C(=O)C4=CC=CC=C34,0.03,Inactive,inactive,rf_v1
CID-3908444,CC(C)C(C(=O)N1CCCC1)NC(=O)C2=C(C=C(C=C2)[N+](=O)[O-])Cl,0.05,Inactive,inactive,rf_v1
CID-2197748,COC1=CC=CC=C1C(=O)NCCSCC2=C(C=CC=C2Cl)F,0.12,Inactive,inactive,rf_v1
CID-6620332,CC1=CC(=C2C(=C1)SC(=N2)N3CCC(CC3)C(=O)NCCCN4CCCCC4)C,0.04,Inactive,inactive,rf_v1
CID-24818645,C1=CC=C2C=C(C=CC2=C1)OCC(=O)NNC(=O)NC3=CC=CC=C3F,0.07,Inactive,inactive,rf_v1
CID-16010279,CCCN1CCN(CC1)CCCNC(=O)C2=CC3=C(S2)C4=CC=CC=C4OC3,0.04,Inactive,inactive,rf_v1
CID-2235686,CCOC1=C(C=C(C=C1)C)S(=O)(=O)N2C=CC(=N2)C,0.14,Inactive,inactive,rf_v1
CID-9552040,CC1=C(SC2=NC=NC(=C12)NCCN3CCOCC3)C.C(=O)(C(=O)O)O,0.01,Inactive,inactive,rf_v1
CID-667127,CN1C2=C(C(=O)N(C1=O)C)N(C(=N2)CN3CCC(CC3)CC4=CC=CC=C4)CCOC,0.03,Inactive,inactive,rf_v1
CID-1242782,C1COCCN1CC2=CC(=C3C=CC=NC3=C2OC(=O)C4=CC=C(C=C4)F)Cl,0.22,Inactive,inactive,rf_v1
CID-2366703,C1=CC=C2C(=C1)C(=O)N(C(=O)N2)CC3=CC=CO3,0.12,Inactive,inactive,rf_v1
CID-11979286,CCN(CCCCCN(C)C)CC1=CC2=CC=CC=C2O1.Cl,0.02,Inactive,inactive,rf_v1
CID-16192644,CC(C)(C)C1=CC=C(C=C1)C2C(=C(C3=CC=C(C=C3)OC)O)C(=O)C(=O)N2C4=NC=CC=N4,0.29,Inactive,inactive,rf_v1
CID-951628,CCOC1=CC=CC=C1NC(=O)C2=CC=CC=C2N(C)S(=O)(=O)C,0.05,Inactive,inactive,rf_v1
CID-4677342,CC(C)C1=CC=C(C=C1)C(=O)NN2C(=O)C3CCCCC3C2=O,0.07,Inactive,inactive,rf_v1
CID-646653,CC(C)C(C1=NN=NN1C(C)(C)C)N2CCN(CC2)C3=CC(=CC=C3)Cl,0.05,Inactive,inactive,rf_v1
CID-1163357,CCN1C(=NN=C1SCC(=O)OC2CCCCC2)COC3=CC=CC4=CC=CC=C43,0.04,Inactive,inactive,rf_v1
CID-5036605,CC1=CC=C(C=C1)C(=O)NCC(=O)OCC(=O)NC2=CC(=C(C=C2C)[N+](=O)[O-])OC,0.09,Inactive,inactive,rf_v1
CID-649981,CC1=CC=C(C=C1)S(=O)(=O)N(CC(=O)N2CCN(CC2)C)C3=CC(=CC=C3)OC,0.05,Inactive,inactive,rf_v1
CID-3111409,CC1=CC(=CC(=C1)CC(C(C)C(=O)O)C(=O)NC2=CC=C(C=C2)OC)C,0.05,Inactive,inactive,rf_v1
CID-1930697,COCCNC(=O)C(=CC1=CC=CS1)C#N,0.05,Inactive,inactive,rf_v1
CID-4892759,C1CN(CCN1CC2=CC=CC=C2)C(=O)C3=CC(=O)C4=C(O3)C=CC(=C4)Cl,0.11,Inactive,inactive,rf_v1
CID-804679,CCC(=O)C1=CC(=C(C=C1)OCC2=CC=C(O2)C(=O)OC)OC,0.05,Inactive,inactive,rf_v1
CID-25237289,CC(CC(=O)NN=CC1=C(C(=CC=C1)OC)OCC=CC2=CC=CC=C2)O,0.03,Inactive,inactive,rf_v1
CID-2800220,CC1=CC=C(C=C1)COC2=C(N=C(C=C2)C)[N+](=O)[O-],0.03,Inactive,inactive,rf_v1
CID-2809650,C1COCCN1S(=O)(=O)C2=CC=C(O2)C(=O)NC3=CC=C(C=C3)OC(F)(F)F,0.05,Inactive,inactive,rf_v1
CID-2941688,C1CN(CCN1C(=O)C2=CC=CO2)C(=O)NC34CC5CC(C3)CC(C5)C4,0.03,Inactive,inactive,rf_v1
CID-6409085,CC(C)C1=CC=C(C=C1)NC(=O)COC2=NC(=C(N=N2)C3=CC=CS3)C4=CC=CS4,0.06,Inactive,inactive,rf_v1
CID-2564677,C1=CC(=CC=C1NC(=S)NC2=CC3=C(C=C2)NC(=O)N3)Cl,0.09,Inactive,inactive,rf_v1
CID-6492770,CC(COC)NC(=O)C(C)N1C2=CC=CC3=C2C(=CC=C3)S1(=O)=O,0.04,Inactive,inactive,rf_v1
CID-3238943,CC1=CC(=CC=C1)C2N(C(CS2)C(=O)O)C(=O)C,0.08,Inactive,inactive,rf_v1
CID-646243,CC1=CC2=C(C=C1)N3C(=NN=N3)C(=C2)CN(CC4=CC5=C(C=C4)OCO5)C(=O)C6=NC=CN=C6,0.04,Inactive,inactive,rf_v1
CID-2726513,C1C2CC3CC1CC(C2)(C3)C4=NC(=S)NN4,0.07,Inactive,inactive,rf_v1
CID-2843300,COC1=CC(=C(C=C1)NC(=O)C2=CN=CC=C2)[N+](=O)[O-],0.07,Inactive,inactive,rf_v1
CID-20903344,CCC1C(=O)NC2=C(S1)C=CC(=C2)S(=O)(=O)N3CCN(CC3)C4=CC=CC=C4,0.08,Inactive,inactive,rf_v1
CID-135512339,CCCCN1C2=CC=CC=C2N=C1N=CC3=CNC4=CC=CC=C43,0.07,Inactive,inactive,rf_v1
CID-700246,COC1=C(C=CC(=C1)S(=O)(=O)NCC2=CC=CC=C2)F,0.08,Inactive,inactive,rf_v1
CID-1076450,CC1=CC=C(C=C1)S(=O)(=O)N(CC(=O)N2CCC(CC2)C(=O)N)C3=CC=CC(=C3)C(F)(F)F,0.13,Inactive,inactive,rf_v1
CID-309734,C1=CC=C(C=C1)CCCCNC(=O)C2=CC=CC=C2,0.02,Inactive,inactive,rf_v1
CID-863008,CC1=CC=C(C=C1)C(=O)NNC(=O)CN2C3=CC=CC=C3N=N2,0.29,Inactive,inactive,rf_v1
CID-3850869,C1COCCN1CCNC2=NC=NC3=C2NC4=C3C=C(C=C4)F,0.02,Inactive,inactive,rf_v1
CID-3241697,CCOC1=C(C=C(C=C1)CCNC(=O)C(C)N2C(=O)C3=CC4=C(N3C(=N2)C)C=CO4)OCC,0.05,Inactive,inactive,rf_v1
CID-12005617,C1=CC=C(C=C1)COC(=O)CCCNC(=O)C(=CC2=CC=CC=C2F)NC(=O)C3=CC=CC=C3,0.05,Inactive,inactive,rf_v1
CID-2208133,CC1=NC(=NN1)SCC(=O)NC2=NC3=CC=CC=C3S2,0.02,Inactive,inactive,rf_v1
CID-3374468,C1CCC(CC1)(C(=O)NC2CCCC2)N(CC3=CC=CS3)C(=O)CC4=CC=CS4,0.04,Inactive,inactive,rf_v1
CID-22429114,CC1=CC=C(C=C1)S(=O)(=O)C2(CC2)C(=O)N3CCN(CC3)C4=CC=CC=C4F,0.1,Inactive,inactive,rf_v1
CID-3161163,C1=CC=C(C=C1)NC(=O)CSC2=NN=C(S2)C3=CN=CC=C3,0.06,Inactive,inactive,rf_v1
CID-835394,COC1=CC(=CC(=C1)C(=O)NC2=CC=CC3=C2N=CC=C3)OC,0.09,Inactive,inactive,rf_v1
CID-4442246,CC1=C(C(=O)N(N1C)C2=CC=CC=C2)NS(=O)(=O)C3=CC(=CC4=C3N(CC4)C(=O)C5CC5)Br,0.01,Inactive,inactive,rf_v1
CID-16190944,CN1C(=CC=N1)C(=O)N2CCCC(C2)C(=O)C3=CC=CC4=CC=CC=C43,0.0,Inactive,inactive,rf_v1
CID-663059,CC1=CC=C(C=C1)CN2C(=NC3=C2C(=O)N(C(=O)N3C)C)CN(C)CC4=CC=CC=C4,0.13,Inactive,inactive,rf_v1
CID-652113,COCCN1C(=NN=N1)C(C2=CC3=C(C=C(C=C3)OC)NC2=O)N4CCC5=CC=CC=C5C4,0.07,Inactive,inactive,rf_v1
CID-2986611,CC1=CC=C(C=C1)CN(C2CCS(=O)(=O)C2)C(=O)C3=CC=CS3,0.06,Inactive,inactive,rf_v1
CID-16197161,C1C(C=C(OC1OCCCCO)C(=O)N)C2=COC3=CC=CC=C3C2=O,0.05,Inactive,inactive,rf_v1
